Normal (kWh),Horario Economico (kWh),Autoconsumo (kWh),temp,feels_like,temp_min,temp_max,humidity
0.0,0.467,0.0,12.93,12.76,12.72,13.43,95
0.0,0.577,0.0,13.49,13.38,13.43,13.9,95
0.0,0.346,0.0,13.55,13.44,13.48,14.82,95
0.0,0.27,0.0,13.61,13.51,12.01,14.82,95
0.0,0.252,0.0,13.59,13.49,12.01,14.82,95
0.0,0.255,0.0,13.7,13.61,13.12,15.82,95
0.0,0.256,0.0,14.22,14.18,14.04,16.12,95
0.0,0.263,0.0,15.3,15.31,14.79,16.82,93
0.275,0.0,0.002,16.8,16.55,15.66,16.82,77
0.331,0.0,0.0,16.61,16.31,14.72,16.82,76
0.271,0.0,0.0,15.03,14.86,13.72,15.15,87
0.25,0.0,0.022,13.76,13.65,13.34,14.04,94
0.778,0.0,0.056,14.1,14.02,13.34,14.82,94
0.496,0.0,0.007,14.1,14.05,13.9,14.82,95
0.338,0.0,0.016,13.92,13.82,12.72,14.04,94
0.362,0.0,0.001,13.5,13.36,12.57,13.82,94
1.326,0.0,0.0,13.3,13.17,11.68,13.48,95
0.631,0.0,0.0,11.83,11.55,11.72,12.32,95
0.595,0.0,0.0,11.32,10.99,11.26,11.82,95
2.089,0.0,0.0,10.73,10.34,10.57,11.77,95
1.635,0.0,0.0,10.7,10.31,10.01,10.9,95
0.637,0.0,0.0,10.72,10.33,9.79,11.21,95
0.0,0.577,0.0,10.23,9.82,9.23,11.21,96
0.0,0.566,0.0,10.2,9.78,9.23,10.82,96
0.0,0.639,0.0,10.02,9.58,8.68,10.15,96
0.0,0.51,0.0,9.51,9.51,8.12,9.59,96
0.0,0.375,0.0,9.01,9.01,8.12,9.04,96
0.0,0.345,0.0,8.92,8.92,7.72,9.04,96
0.0,0.241,0.0,8.92,8.92,7.72,9.04,96
0.0,0.237,0.0,7.91,7.91,7.57,7.93,95
0.0,0.252,0.0,7.92,7.92,7.72,7.93,96
0.0,0.974,0.0,8.0,6.96,7.01,8.82,96
0.476,0.0,0.01,7.4,5.89,6.68,7.82,95
0.15,0.0,0.083,8.5,7.08,7.01,8.82,96
0.08,0.0,0.158,9.56,8.51,7.57,9.82,96
0.0,0.0,0.251,10.71,10.26,9.54,11.82,93
0.0,0.0,0.248,10.87,10.36,9.23,12.82,90
0.166,0.0,0.078,12.94,12.3,10.66,13.82,77
0.01,0.0,0.22,13.0,12.26,12.57,13.82,73
0.023,0.0,0.272,12.57,11.76,11.77,14.82,72
0.251,0.0,0.053,12.0,11.16,11.45,13.82,73
0.425,0.0,0.0,11.33,10.53,10.34,12.79,77
0.97,0.0,0.0,10.12,9.33,9.23,10.57,82
0.683,0.0,0.0,9.52,9.52,6.93,11.21,85
0.73,0.0,0.0,8.93,8.93,6.38,10.66,87
0.847,0.0,0.0,9.29,9.29,5.82,10.1,87
0.0,0.681,0.0,8.86,8.53,4.71,9.54,89
0.0,0.56,0.0,8.36,7.76,4.71,8.99,89
0.0,0.521,0.0,8.82,8.39,4.71,9.04,87
0.0,0.338,0.0,7.87,6.55,4.23,7.93,89
0.0,0.271,0.0,7.77,5.87,4.23,7.93,90
0.0,0.259,0.0,7.36,5.4,5.26,7.37,91
0.0,0.247,0.0,6.82,4.76,6.72,6.82,92
0.0,0.263,0.0,7.33,5.4,4.71,7.37,92
0.0,0.274,0.0,7.88,6.1,4.71,7.93,89
0.0,0.813,0.0,7.88,6.1,4.15,7.93,88
0.301,0.0,0.081,7.86,6.05,4.15,7.93,86
0.0,0.0,0.325,8.42,6.78,4.15,8.48,86
0.0,0.0,0.271,10.51,9.68,6.12,10.7,79
0.0,0.0,0.261,11.24,10.4,8.43,11.26,76
0.368,0.0,0.614,12.78,11.89,9.45,12.93,68
0.06,0.0,0.495,12.83,12.0,10.1,12.93,70
0.0,0.0,0.255,13.0,12.05,12.23,13.82,65
0.023,0.0,0.221,13.0,12.13,10.26,14.82,68
0.175,0.0,0.065,12.46,11.62,11.38,13.82,71
0.23,0.0,0.0,11.9,11.03,11.68,12.82,72
0.858,0.0,0.0,11.19,10.45,10.01,11.26,80
0.843,0.0,0.0,10.11,9.32,9.23,10.15,82
0.463,0.0,0.0,9.43,9.43,7.72,9.59,84
0.854,0.0,0.0,9.9,9.23,7.57,10.15,84
0.0,1.514,0.0,9.39,8.9,7.01,9.59,84
0.0,0.609,0.0,9.37,8.86,6.45,9.59,79
0.0,0.592,0.0,8.64,7.98,5.9,9.04,83
0.0,0.579,0.0,8.79,8.01,4.15,9.04,82
0.0,0.531,0.0,8.88,7.89,3.6,9.04,77
0.0,0.264,0.0,8.35,7.14,4.15,8.48,81
0.0,0.266,0.0,8.87,7.71,4.71,9.04,77
0.0,0.265,0.0,8.87,7.68,4.71,9.04,75
0.0,0.299,0.0,8.87,7.59,4.15,9.04,75
0.0,1.245,0.0,6.4,4.65,4.15,6.82,97
0.369,0.0,0.092,6.3,4.46,4.15,6.82,97
0.0,0.0,0.367,9.95,8.61,4.15,10.15,69
0.0,0.0,0.367,11.66,10.58,7.79,11.82,65
0.0,0.0,0.361,13.34,12.3,8.9,13.48,60
0.0,0.0,0.281,13.97,13.15,11.68,14.04,66
0.0,0.0,0.252,14.08,13.35,12.79,14.82,69
0.0,0.0,0.288,14.65,13.84,12.49,15.82,64
0.204,0.0,0.324,14.6,13.87,14.45,15.34,67
0.21,0.0,0.042,14.5,13.81,13.6,14.79,69
0.304,0.0,0.0,13.81,13.07,10.82,14.23,70
1.174,0.0,0.0,12.77,12.01,11.21,12.93,73
1.826,0.0,0.0,12.09,11.31,9.72,12.37,75
1.262,0.0,0.0,11.56,10.83,9.45,11.82,79
0.808,0.0,0.0,11.06,10.44,8.99,11.26,85
0.0,0.662,0.0,10.46,9.81,8.12,10.7,86
0.0,0.472,0.0,9.89,9.14,7.57,10.15,84
0.0,0.418,0.0,10.26,9.43,6.72,10.7,80
0.0,0.361,0.0,6.21,4.55,5.72,7.79,92
0.0,0.357,0.0,7.69,6.21,7.32,8.34,91
0.0,0.319,0.0,7.69,6.17,7.32,7.82,93
0.0,0.308,0.0,6.77,5.16,6.72,7.23,94
0.0,0.303,0.0,5.15,3.32,4.72,6.77,95
0.0,0.308,0.0,5.85,4.08,5.72,7.23,94
0.0,0.829,0.0,6.67,5.05,6.21,6.82,95
0.381,0.0,0.094,5.75,4.01,5.66,6.12,94
0.0,0.0,0.335,7.48,5.65,6.21,7.82,92
0.336,0.0,0.616,12.19,10.98,8.34,12.37,58
0.0,0.0,0.337,13.34,12.24,9.45,13.48,58
0.057,0.0,0.424,13.96,13.0,10.82,14.04,61
0.0,0.0,0.343,14.46,13.58,11.93,14.59,62
0.0,0.0,0.292,14.69,13.96,14.45,15.82,67
0.0,0.0,0.293,14.18,13.14,13.04,15.82,57
0.247,0.0,0.049,14.11,13.14,11.77,15.82,60
0.321,0.0,0.0,12.46,11.46,11.21,13.82,65
0.89,0.0,0.0,11.6,10.62,9.72,11.82,69
1.752,0.0,0.0,10.49,9.5,8.72,10.7,73
0.817,0.0,0.0,9.58,9.11,7.79,9.82,78
1.256,0.0,0.0,9.0,8.16,7.57,9.04,81
0.0,2.771,0.0,8.48,7.5,6.12,8.82,83
0.0,2.215,0.0,7.1,5.92,3.6,7.82,92
0.0,1.78,0.0,7.87,6.85,5.34,7.93,85
0.0,0.95,0.0,6.69,5.52,4.79,6.82,92
0.0,0.713,0.0,6.59,5.45,4.23,6.82,93
0.0,0.47,0.0,6.77,5.47,5.66,6.82,95
0.0,0.497,0.0,6.29,4.87,2.49,6.82,94
0.0,0.443,0.0,5.57,3.86,3.04,5.82,94
0.0,0.792,0.0,5.7,3.99,3.9,5.82,90
0.0,1.763,0.0,5.7,3.92,5.1,5.82,92
0.947,0.0,0.074,5.69,3.84,3.6,5.82,89
0.245,0.0,0.406,4.64,2.16,3.6,5.82,94
0.164,0.0,0.421,5.7,3.3,5.7,6.82,92
0.052,0.0,0.449,8.48,6.87,8.48,8.82,91
0.067,0.0,0.394,10.21,9.4,10.15,10.82,81
0.018,0.0,0.436,10.79,10.07,10.57,12.01,82
0.0,0.0,0.444,11.4,10.71,11.26,13.12,81
0.222,0.0,0.223,10.98,10.27,10.7,13.82,82
0.457,0.0,0.046,11.44,10.75,10.1,13.82,81
0.586,0.0,0.0,10.88,10.22,10.66,12.82,84
1.821,0.0,0.0,10.87,10.18,10.1,12.82,83
1.046,0.0,0.0,10.79,10.04,10.01,11.82,81
0.413,0.0,0.0,10.76,9.98,9.54,11.82,80
0.36,0.0,0.0,10.28,9.5,9.54,11.82,82
0.0,0.369,0.0,10.85,10.13,9.54,12.82,82
0.0,0.375,0.0,10.94,10.26,9.54,13.82,83
0.0,0.732,0.0,11.45,10.79,10.1,13.82,82
0.0,0.605,0.0,11.47,10.87,10.66,13.82,84
0.0,0.493,0.0,10.99,10.39,10.7,13.82,86
0.0,1.073,0.0,11.49,10.99,11.21,13.82,88
0.0,0.777,0.0,12.86,12.55,11.21,12.93,90
0.0,0.469,0.0,12.9,12.65,11.93,12.93,92
0.0,0.412,0.0,12.92,12.7,12.23,13.6,93
0.0,0.408,0.0,12.91,12.68,12.23,13.12,93
0.383,0.0,0.0,12.91,12.68,12.23,13.12,93
0.343,0.0,0.023,13.5,13.33,12.79,13.82,93
0.333,0.0,0.03,13.48,13.34,12.32,14.15,94
0.415,0.0,0.057,14.09,14.01,13.34,14.82,94
0.61,0.0,0.061,14.1,14.02,13.34,14.82,94
0.533,0.0,0.065,14.02,13.96,13.68,14.15,95
0.536,0.0,0.02,14.17,14.12,13.43,15.82,95
0.922,0.0,0.005,13.12,12.97,12.93,14.82,95
0.678,0.0,0.001,13.01,12.85,12.23,13.82,95
0.521,0.0,0.0,12.96,12.79,10.9,13.82,95
0.563,0.0,0.0,12.24,12.0,10.34,13.82,95
0.668,0.0,0.0,11.86,11.58,11.38,12.82,95
0.523,0.0,0.0,11.98,11.71,10.34,13.82,95
0.338,0.0,0.0,11.97,11.7,10.9,13.82,95
0.0,0.34,0.0,11.97,11.68,11.12,13.82,94
0.0,0.411,0.0,11.97,11.7,11.12,13.82,95
0.0,0.677,0.0,11.97,11.7,10.9,13.82,95
0.0,0.286,0.0,11.4,11.08,11.12,12.82,95
0.0,0.26,0.0,11.39,11.07,11.21,12.82,95
0.0,0.258,0.0,11.9,11.63,10.9,12.82,95
0.0,0.255,0.0,12.47,12.25,11.45,13.82,95
0.0,0.283,0.0,12.98,12.81,11.45,13.82,95
0.0,0.752,0.0,14.55,14.54,12.57,14.82,95
0.0,0.28,0.0,15.19,15.25,14.45,15.82,95
0.259,0.0,0.001,14.68,14.68,13.99,15.82,95
0.226,0.0,0.05,14.68,14.68,13.99,15.82,95
0.185,0.0,0.095,14.1,14.05,13.68,14.82,95
0.94,0.0,0.105,14.08,14.02,13.34,14.82,95
1.277,0.0,0.17,13.51,13.4,13.12,13.82,95
1.165,0.0,0.123,13.48,13.36,12.79,13.82,95
1.999,0.0,0.077,13.49,13.38,12.79,13.82,95
2.19,0.0,0.025,13.51,13.4,13.34,13.82,95
1.681,0.0,0.011,13.59,13.49,13.12,14.82,95
0.797,0.0,0.0,13.01,12.85,12.57,13.82,95
0.659,0.0,0.0,13.01,12.87,12.01,13.82,96
0.929,0.0,0.0,12.53,12.32,12.01,13.82,95
0.719,0.0,0.0,12.42,12.2,12.01,12.88,95
0.418,0.0,0.0,12.41,12.21,11.45,13.04,96
0.0,0.384,0.0,12.31,12.1,11.45,12.49,96
0.0,0.395,0.0,12.38,12.18,10.9,12.82,96
0.0,0.719,0.0,11.82,11.56,11.12,12.49,96
0.0,0.342,0.0,11.29,10.98,11.12,11.93,96
0.0,0.262,0.0,11.4,11.1,9.79,12.82,96
0.0,0.256,0.0,10.77,10.41,10.57,11.82,96
0.0,0.254,0.0,10.77,10.41,10.57,11.82,96
0.0,0.253,0.0,10.2,9.78,10.15,11.77,96
0.0,0.255,0.0,9.67,8.69,9.59,11.21,96
0.0,1.127,0.0,9.18,8.29,8.12,11.21,96
0.407,0.0,0.026,9.09,9.09,8.6,10.66,96
0.193,0.0,0.184,9.61,9.61,9.59,10.66,96
0.056,0.0,0.425,10.76,10.37,8.68,11.82,95
0.286,0.0,0.38,11.94,11.64,10.26,13.82,94
0.0,0.0,0.242,12.54,11.94,11.38,14.82,80
0.0,0.0,0.245,12.58,11.96,11.77,14.82,79
0.0,0.0,0.322,13.01,12.3,12.32,14.15,74
0.066,0.0,0.265,13.61,12.91,12.88,15.26,72
0.236,0.0,0.08,13.12,12.39,12.57,14.82,73
0.314,0.0,0.0,12.5,11.87,11.93,13.82,79
1.54,0.0,0.0,11.23,10.55,10.26,12.32,82
2.478,0.0,0.0,10.62,9.93,8.6,11.77,84
0.643,0.0,0.0,10.72,10.09,9.23,11.21,86
1.644,0.0,0.0,10.22,9.57,8.68,10.82,87
0.0,0.674,0.0,10.24,9.59,6.93,11.82,87
0.0,0.532,0.0,9.65,9.04,6.38,10.82,88
0.0,0.346,0.0,10.15,9.54,6.93,10.82,89
0.0,0.341,0.0,10.2,9.6,7.49,10.82,89
0.0,0.292,0.0,10.18,9.5,7.49,10.82,86
0.0,0.28,0.0,10.72,10.2,7.49,11.82,90
0.0,0.268,0.0,10.69,10.24,9.23,10.82,93
0.0,0.286,0.0,10.69,10.27,9.23,10.82,94
0.0,0.254,0.0,10.69,10.27,9.79,10.82,94
0.0,1.36,0.0,11.13,10.75,8.6,11.26,94
0.394,0.0,0.029,11.18,10.81,9.79,11.26,94
0.212,0.0,0.086,11.51,11.17,10.1,11.82,94
0.12,0.0,0.12,11.85,11.57,10.66,12.82,95
0.007,0.0,0.23,12.96,12.79,11.68,13.82,95
0.006,0.0,0.234,13.01,12.85,12.32,14.82,95
0.122,0.0,0.161,13.02,12.83,12.88,14.82,94
0.292,0.0,0.082,13.5,13.36,13.43,14.45,94
0.633,0.0,0.115,13.75,13.63,12.79,14.15,94
0.751,0.0,0.029,13.02,12.86,12.88,14.82,95
0.401,0.0,0.0,13.02,12.83,12.79,14.82,94
0.287,0.0,0.0,13.02,12.83,12.79,14.82,94
0.431,0.0,0.0,12.97,12.78,12.49,13.82,94
1.081,0.0,0.0,12.97,12.78,12.49,13.82,94
0.64,0.0,0.0,13.48,13.29,12.49,13.82,92
0.0,0.866,0.0,13.48,13.26,12.32,13.82,91
0.0,0.582,0.0,13.48,13.26,12.49,13.82,91
0.0,0.364,0.0,13.49,13.3,13.34,13.82,92
0.0,0.257,0.0,13.49,13.32,12.79,13.82,93
0.0,0.251,0.0,13.49,13.38,12.79,13.82,95
0.0,0.266,0.0,12.91,12.74,12.72,13.12,95
0.0,0.257,0.0,12.41,12.19,12.23,13.04,95
0.0,0.25,0.0,12.7,12.45,12.01,13.04,93
0.0,0.249,0.0,11.88,11.58,11.68,12.32,94
0.0,0.959,0.0,10.67,10.27,9.72,11.93,95
0.298,0.0,0.089,10.62,10.22,9.72,11.21,95
0.461,0.0,0.347,10.71,10.32,10.01,11.38,95
0.04,0.0,0.342,11.42,11.1,10.34,13.04,95
0.0,0.0,0.254,12.98,12.68,11.21,14.15,90
0.0,0.0,0.255,14.08,13.55,12.32,15.26,77
0.0,0.0,0.252,14.1,13.42,12.88,15.82,71
0.0,0.0,0.246,14.57,13.91,13.43,14.82,70
0.0,0.0,0.248,14.07,13.36,13.43,15.26,70
0.165,0.0,0.074,14.03,13.29,13.43,15.82,69
0.307,0.0,0.0,13.44,12.75,12.72,13.6,73
0.398,0.0,0.0,11.78,11.1,10.72,12.49,80
0.386,0.0,0.0,11.18,10.52,9.71,11.77,83
0.358,0.0,0.0,10.14,9.48,8.6,11.21,87
0.428,0.0,0.0,9.54,8.79,7.57,11.21,89
0.0,0.358,0.0,9.42,9.09,6.93,10.66,90
0.0,0.356,0.0,9.39,8.86,6.38,10.1,89
0.0,0.423,0.0,8.8,8.34,5.82,9.54,91
0.0,0.253,0.0,8.77,8.77,5.26,9.04,91
0.0,0.251,0.0,8.83,8.83,4.71,9.04,92
0.0,0.288,0.0,7.76,7.76,4.71,7.93,92
0.0,0.271,0.0,7.76,7.23,4.15,7.93,92
0.0,0.255,0.0,7.88,7.31,4.71,7.93,92
0.0,0.291,0.0,7.84,6.99,4.71,7.93,94
0.0,1.006,0.0,7.36,6.29,6.72,7.37,94
0.306,0.0,0.06,6.8,5.71,4.15,6.82,93
0.09,0.0,0.188,7.33,6.46,4.71,7.37,93
0.055,0.0,0.236,8.47,7.73,7.72,8.48,92
0.081,0.0,0.183,10.68,10.1,8.72,10.7,88
0.113,0.0,0.168,10.69,10.03,9.54,10.7,85
0.101,0.0,0.193,11.2,10.6,9.79,11.26,85
0.586,0.0,0.132,11.28,10.71,10.01,12.01,86
0.311,0.0,0.084,11.78,11.21,10.66,11.82,84
0.29,0.0,0.021,11.29,10.72,10.66,11.82,86
0.992,0.0,0.0,11.29,10.75,10.66,11.82,87
0.646,0.0,0.0,10.79,10.17,10.66,11.82,86
0.488,0.0,0.0,10.79,10.17,10.34,11.82,86
0.557,0.0,0.0,10.79,10.14,10.34,11.82,85
0.858,0.0,0.0,10.69,10.16,9.79,10.82,90
0.0,0.43,0.0,9.71,9.21,9.23,10.82,93
0.0,0.336,0.0,10.2,9.65,9.79,10.82,91
0.0,0.258,0.0,10.19,9.64,9.54,10.82,91
0.0,0.311,0.0,10.1,9.52,9.54,10.15,90
0.0,0.286,0.0,9.98,9.55,8.04,10.15,90
0.0,0.303,0.0,10.09,9.48,8.9,10.15,89
0.0,0.316,0.0,10.17,9.57,8.9,10.82,89
0.0,0.285,0.0,10.65,10.07,8.99,10.82,88
0.0,1.568,0.0,10.08,9.44,8.9,10.15,88
0.0,0.874,0.0,10.52,9.87,8.04,10.7,86
0.418,0.0,0.029,10.52,9.93,8.04,10.7,88
0.221,0.0,0.081,11.0,10.4,8.43,11.26,86
0.174,0.0,0.148,11.7,11.17,8.99,11.82,86
0.051,0.0,0.249,12.48,12.0,11.93,13.82,85
0.078,0.0,0.23,13.11,12.64,12.93,14.82,83
0.0,0.0,0.324,13.35,12.88,12.32,15.01,82
0.228,0.0,0.33,14.12,13.7,12.88,15.82,81
0.014,0.0,0.324,14.08,13.66,12.88,15.57,81
0.284,0.0,0.075,14.07,13.65,12.88,14.82,81
0.352,0.0,0.0,14.01,13.63,13.34,14.15,83
0.481,0.0,0.0,12.79,12.34,11.72,12.93,85
1.284,0.0,0.0,12.3,11.86,11.68,12.37,87
0.919,0.0,0.0,11.86,11.43,10.26,12.82,89
0.517,0.0,0.0,11.85,11.44,9.71,12.82,90
0.0,0.528,0.0,12.32,11.96,9.71,12.82,90
0.0,1.154,0.0,12.26,11.87,10.66,12.37,89
0.0,0.353,0.0,12.35,11.96,10.66,12.82,89
0.0,0.273,0.0,12.35,11.96,10.66,12.82,89
0.0,0.3,0.0,11.87,11.49,10.66,12.82,91
0.0,0.302,0.0,11.28,10.89,10.57,12.01,93
0.0,0.277,0.0,11.29,10.93,10.66,12.01,94
0.0,1.467,0.0,11.3,10.94,11.12,12.57,94
0.0,1.067,0.0,11.39,11.07,11.12,12.82,95
0.0,0.303,0.0,11.79,11.51,11.12,12.01,95
0.674,0.0,0.005,12.28,12.04,11.21,12.37,95
0.225,0.0,0.076,12.37,12.14,11.21,12.82,95
0.984,0.0,0.214,12.88,12.7,11.77,13.12,95
1.013,0.0,0.108,12.91,12.74,12.32,12.93,95
2.596,0.0,0.114,13.43,13.28,12.32,13.48,94
1.002,0.0,0.204,13.43,13.23,12.72,14.79,92
1.299,0.0,0.151,13.4,13.2,12.32,14.79,92
0.568,0.0,0.09,13.41,13.26,12.72,14.23,94
0.739,0.0,0.028,13.01,12.82,12.79,14.23,94
1.199,0.0,0.0,13.01,12.79,12.79,13.82,93
0.579,0.0,0.0,12.91,12.68,12.23,13.6,93
0.567,0.0,0.0,12.91,12.66,12.23,12.93,92
0.435,0.0,0.0,12.87,12.64,11.38,13.68,93
0.449,0.0,0.0,12.91,12.66,12.23,13.04,92
0.0,0.445,0.0,12.9,12.67,12.23,13.12,93
0.0,0.461,0.0,12.98,12.79,12.23,13.82,94
0.0,0.317,0.0,12.98,12.76,12.23,13.82,93
0.0,0.293,0.0,13.39,13.24,12.32,13.6,94
0.0,0.286,0.0,12.73,12.54,10.72,13.04,95
0.0,1.485,0.0,10.7,10.28,10.01,10.9,94
0.0,0.305,0.0,9.72,7.13,9.45,10.82,94
0.0,0.296,0.0,9.14,7.13,8.68,10.1,91
0.0,0.265,0.0,8.65,7.0,8.12,10.1,90
0.0,0.301,0.0,8.54,6.76,7.57,9.54,90
0.188,0.0,0.106,7.92,6.44,7.57,8.04,90
0.0,0.0,0.364,8.43,7.16,7.01,8.99,86
0.686,0.0,0.665,9.08,7.93,8.9,10.26,81
0.371,0.0,0.402,10.2,9.18,9.23,10.82,73
1.431,0.0,0.674,10.68,9.58,9.54,11.38,68
0.673,0.0,0.506,10.8,9.58,9.79,11.93,63
0.029,0.0,0.29,10.81,9.7,10.34,11.93,67
0.754,0.0,0.328,10.81,9.8,9.79,11.93,71
0.405,0.0,0.099,10.71,9.72,10.66,11.38,72
0.713,0.0,0.0,9.73,8.18,9.23,10.82,73
0.672,0.0,0.0,9.2,7.89,8.04,10.82,79
0.754,0.0,0.0,8.7,7.28,8.04,10.82,81
0.822,0.0,0.0,8.78,6.87,7.49,11.82,85
0.653,0.0,0.0,8.78,6.53,7.49,11.82,90
0.0,0.597,0.0,8.81,5.88,8.04,11.82,91
0.0,0.639,0.0,9.3,6.37,8.6,11.82,94
0.0,0.747,0.0,9.41,6.27,9.04,12.82,94
0.0,0.556,0.0,9.91,6.9,9.59,12.82,95
0.0,0.604,0.0,10.9,10.53,10.7,12.82,95
0.0,0.813,0.0,10.82,10.44,10.7,11.82,95
0.0,0.504,0.0,11.4,11.08,10.9,12.82,95
0.0,0.49,0.0,11.39,11.07,10.9,12.82,95
0.0,0.472,0.0,11.49,11.18,10.9,13.82,95
0.0,1.364,0.0,11.03,10.67,10.7,13.82,95
0.369,0.0,0.0,11.51,11.2,10.9,13.82,95
0.271,0.0,0.013,11.42,11.1,11.26,12.82,95
0.243,0.0,0.068,12.0,11.74,11.45,13.82,95
0.251,0.0,0.089,12.03,11.77,11.82,13.82,95
0.687,0.0,0.095,12.5,12.31,12.01,13.82,96
0.222,0.0,0.071,12.52,12.33,12.01,13.82,96
0.228,0.0,0.029,12.5,12.31,12.23,13.82,96
0.306,0.0,0.004,12.01,11.77,11.82,13.82,96
0.283,0.0,0.0,12.4,12.2,12.01,12.82,96
0.504,0.0,0.0,11.93,11.69,11.82,12.82,96
1.494,0.0,0.0,12.01,11.77,11.82,13.82,96
0.637,0.0,0.0,11.93,11.69,11.45,12.82,96
0.465,0.0,0.0,12.01,11.77,11.45,13.82,96
0.48,0.0,0.0,12.01,11.77,11.82,13.82,96
0.0,0.729,0.0,11.91,11.66,11.68,12.82,96
0.0,0.517,0.0,12.39,12.19,11.68,12.82,96
0.0,0.512,0.0,12.5,12.31,12.23,13.82,96
0.0,0.562,0.0,12.5,12.31,12.23,13.82,96
0.0,0.264,0.0,11.54,11.26,10.34,13.82,96
0.0,0.305,0.0,11.51,11.22,10.9,13.82,96
0.0,0.263,0.0,11.5,11.13,10.34,13.82,93
0.0,0.279,0.0,10.89,10.46,8.68,12.82,93
0.0,0.275,0.0,9.91,6.81,8.68,12.82,87
0.0,1.006,0.0,9.15,5.86,9.04,10.82,93
0.461,0.0,0.012,8.74,5.33,7.57,10.82,90
0.222,0.0,0.122,8.33,4.77,7.01,11.82,93
0.284,0.0,0.115,8.34,5.04,7.57,11.82,93
0.276,0.0,0.145,8.74,5.24,7.57,10.82,91
0.139,0.0,0.267,8.73,5.01,8.12,10.82,93
0.6,0.0,0.233,8.66,5.04,7.57,10.26,90
0.169,0.0,0.178,8.71,5.03,7.57,10.82,87
0.431,0.0,0.093,8.13,4.34,7.57,9.82,90
0.337,0.0,0.058,7.14,3.45,6.45,9.82,91
0.364,0.0,0.002,6.96,2.93,5.9,8.43,92
2.341,0.0,0.0,7.01,3.09,5.9,8.82,89
0.543,0.0,0.0,7.01,3.28,5.34,8.82,91
0.65,0.0,0.0,6.35,2.43,6.26,7.82,91
0.372,0.0,0.0,5.98,1.91,4.79,8.82,92
0.0,0.357,0.0,6.0,2.36,4.79,8.82,92
0.0,0.447,0.0,4.85,0.91,4.23,6.82,93
0.0,0.277,0.0,5.07,0.82,4.15,9.82,92
0.0,0.272,0.0,4.52,0.44,4.04,8.82,93
0.0,0.314,0.0,5.01,1.1,4.15,8.82,93
0.0,0.279,0.0,5.38,1.86,3.6,7.82,93
0.0,0.313,0.0,4.9,1.6,3.6,7.82,93
0.0,0.283,0.0,5.37,2.34,3.04,7.82,93
0.0,0.296,0.0,5.2,2.72,4.15,5.82,92
0.0,0.957,0.0,4.72,2.56,4.23,5.82,90
0.358,0.0,0.088,4.72,2.78,4.23,5.82,90
1.317,0.0,0.363,4.72,2.85,4.23,5.82,92
0.05,0.0,0.331,6.36,4.68,5.34,7.82,89
0.047,0.0,0.343,7.48,5.34,6.45,8.82,85
0.228,0.0,0.472,7.89,5.98,6.77,8.12,81
0.9,0.0,0.543,8.56,6.46,6.77,9.82,76
1.591,0.0,0.41,8.11,5.5,6.45,9.82,81
0.145,0.0,0.212,7.62,4.67,7.01,9.82,88
0.314,0.0,0.063,8.14,5.18,7.57,9.82,80
0.41,0.0,0.0,6.95,3.68,6.12,8.04,85
2.845,0.0,0.0,6.32,3.28,5.57,6.93,88
2.037,0.0,0.0,6.3,3.77,5.26,6.82,88
0.498,0.0,0.0,5.73,3.2,5.01,6.77,88
0.404,0.0,0.0,5.12,2.96,3.6,6.21,90
0.0,0.38,0.0,5.19,2.58,5.15,5.82,90
0.0,0.422,0.0,4.66,2.7,4.45,5.82,91
0.0,0.435,0.0,4.6,2.73,4.45,5.1,91
0.0,0.422,0.0,4.04,2.14,3.72,5.1,91
0.0,0.478,0.0,4.03,2.56,3.72,4.54,92
0.0,0.379,0.0,4.1,2.63,3.68,4.82,92
0.0,0.269,0.0,4.1,2.41,3.34,4.82,93
0.0,0.263,0.0,4.11,2.76,3.68,4.82,93
0.0,0.254,0.0,4.61,3.52,4.23,4.82,93
0.0,0.677,0.0,4.61,3.42,4.23,4.82,93
0.301,0.0,0.022,5.11,3.92,4.45,5.34,94
0.649,0.0,0.087,5.2,3.55,5.01,5.9,94
0.164,0.0,0.119,6.31,4.73,6.26,7.57,95
0.14,0.0,0.15,7.45,5.14,5.26,8.82,95
0.186,0.0,0.124,8.29,5.74,7.93,11.82,95
0.158,0.0,0.126,9.26,6.58,8.43,11.82,95
0.256,0.0,0.05,9.87,7.05,8.99,12.82,96
0.376,0.0,0.021,10.77,10.41,9.54,11.82,96
0.383,0.0,0.0,11.37,11.07,10.1,12.82,96
0.379,0.0,0.0,11.87,11.62,10.66,12.82,96
1.082,0.0,0.0,11.89,11.64,11.21,12.82,96
2.43,0.0,0.0,11.9,11.65,11.21,12.82,96
1.535,0.0,0.0,11.9,11.65,11.21,12.82,96
0.893,0.0,0.0,11.91,11.66,11.68,12.82,96
0.0,0.603,0.0,12.39,12.19,11.68,12.82,96
0.0,0.567,0.0,12.4,12.2,11.77,13.04,96
0.0,1.579,0.0,12.4,12.2,11.77,13.04,96
0.0,0.517,0.0,12.48,12.29,11.77,13.82,96
0.0,0.378,0.0,12.4,12.2,11.77,13.04,96
0.0,0.329,0.0,12.48,12.29,11.68,13.82,96
0.0,0.328,0.0,12.4,12.2,11.68,13.04,96
0.0,0.319,0.0,12.4,12.2,11.77,13.04,96
0.0,0.325,0.0,12.38,12.18,11.68,12.82,96
0.0,0.617,0.0,12.38,12.18,11.68,12.82,96
0.637,0.0,0.011,12.38,12.18,11.68,12.82,96
1.361,0.0,0.05,12.39,12.19,11.77,12.82,96
1.397,0.0,0.168,12.49,12.3,12.32,13.82,96
0.832,0.0,0.4,12.99,12.85,12.32,13.9,96
0.0,0.0,0.304,13.11,12.98,12.93,14.82,96
0.0,0.0,0.256,13.6,13.52,13.43,15.57,96
0.2,0.0,0.141,14.59,14.48,13.99,15.34,91
0.197,0.0,0.171,14.59,14.38,13.99,15.34,87
0.218,0.0,0.076,14.5,14.28,13.72,14.79,87
0.277,0.0,0.0,14.02,13.78,13.34,14.04,88
0.422,0.0,0.0,13.48,13.29,12.79,13.82,92
0.606,0.0,0.0,13.48,13.31,12.79,13.82,93
0.426,0.0,0.0,12.91,12.71,12.72,13.12,94
0.431,0.0,0.0,13.0,12.84,12.23,13.82,95
0.0,0.751,0.0,12.91,12.74,12.57,12.93,95
0.0,0.492,0.0,12.89,12.72,12.23,12.93,95
0.0,0.384,0.0,12.89,12.72,12.23,12.93,95
0.0,0.381,0.0,12.4,12.18,12.23,12.82,95
0.0,0.263,0.0,12.4,12.18,12.23,12.82,95
0.0,0.304,0.0,12.4,12.18,12.23,12.82,95
0.0,0.246,0.0,12.3,12.07,11.68,12.57,95
0.0,0.296,0.0,12.3,12.07,11.68,12.57,95
0.0,0.36,0.0,12.21,11.94,10.72,12.37,94
0.0,0.248,0.0,12.19,11.89,10.72,12.37,93
0.267,0.0,0.027,11.69,11.34,10.66,12.01,93
0.139,0.0,0.3,12.26,12.0,10.66,12.37,94
0.0,0.0,0.385,12.95,12.62,11.21,13.82,89
0.211,0.0,0.508,14.54,14.19,12.32,14.82,82
0.636,0.0,0.711,15.14,14.56,12.88,15.82,71
0.723,0.0,0.549,15.55,14.91,13.43,15.7,67
0.833,0.0,0.344,15.57,14.93,13.68,15.7,67
0.567,0.0,0.384,15.1,14.39,14.23,15.15,66
0.838,0.0,0.132,15.1,14.39,13.68,15.57,66
0.521,0.0,0.002,14.54,13.83,13.12,15.82,68
0.449,0.0,0.0,13.42,12.65,12.01,13.6,70
0.373,0.0,0.0,12.05,11.53,11.45,12.88,85
0.37,0.0,0.0,11.74,10.93,10.34,12.32,75
0.424,0.0,0.0,11.14,10.29,9.23,11.77,76
0.0,0.39,0.0,10.59,9.74,8.68,11.21,78
0.0,0.473,0.0,10.14,9.46,7.57,11.21,86
0.0,0.336,0.0,9.55,8.5,7.57,10.66,81
0.0,0.386,0.0,9.44,8.51,7.57,10.1,80
0.0,0.343,0.0,9.34,8.46,6.72,9.59,81
0.0,0.329,0.0,9.43,8.51,7.57,9.59,76
0.0,0.287,0.0,8.75,7.63,5.72,9.04,73
0.0,0.264,0.0,8.34,7.12,6.72,8.99,75
0.0,0.308,0.0,7.26,5.96,5.72,8.43,77
0.0,0.664,0.0,7.33,6.11,6.68,7.88,72
0.145,0.0,0.118,6.34,5.05,6.26,7.57,73
0.0,0.0,0.309,7.69,6.28,5.72,7.93,68
0.0,0.0,0.284,8.4,7.79,7.57,8.6,66
0.0,0.0,0.44,9.59,9.59,8.43,9.82,60
0.478,0.0,0.91,10.17,8.65,9.54,10.82,54
0.944,0.0,0.887,11.32,9.84,9.54,12.82,51
0.002,0.0,0.504,11.9,10.43,10.1,13.82,49
0.0,0.0,0.353,11.9,10.22,10.66,13.82,41
1.355,0.0,0.09,12.37,10.6,10.66,12.82,36
0.582,0.0,0.0,11.76,9.93,10.72,11.82,36
1.569,0.0,0.0,9.13,8.36,7.57,10.1,65
1.84,0.0,0.0,8.2,7.12,7.57,9.54,69
0.55,0.0,0.0,8.8,7.7,7.57,8.99,75
0.385,0.0,0.0,7.2,5.61,6.72,8.43,81
0.0,0.342,0.0,7.92,6.52,5.34,8.43,84
0.0,0.465,0.0,6.89,5.51,4.23,7.32,83
0.0,0.455,0.0,5.99,4.44,3.68,6.77,83
0.0,0.305,0.0,5.84,4.46,3.12,6.21,83
0.0,0.348,0.0,4.99,3.35,2.57,5.66,84
0.0,0.332,0.0,3.4,1.53,2.57,5.1,87
0.0,0.285,0.0,4.11,2.34,2.01,5.1,88
0.0,0.301,0.0,4.0,2.04,2.01,5.01,89
0.0,0.275,0.0,3.83,1.85,1.45,3.99,91
0.0,1.683,0.0,3.12,1.0,1.45,4.45,91
0.23,0.0,0.133,3.83,1.81,1.45,3.99,91
0.0,0.0,0.299,6.55,4.49,2.57,6.82,63
0.0,0.0,0.294,7.89,6.45,5.1,7.93,57
0.0,0.0,0.3,9.42,8.62,6.21,9.59,56
0.0,0.0,0.301,10.7,9.13,9.23,10.82,50
0.0,0.0,0.37,11.21,9.48,10.34,11.26,42
0.0,0.0,0.295,11.33,9.64,8.99,12.82,43
0.0,0.0,0.307,11.84,10.05,9.54,12.82,37
0.152,0.0,0.136,11.77,9.94,9.23,11.82,36
0.453,0.0,0.001,11.09,9.33,8.68,11.68,41
0.368,0.0,0.0,7.95,6.43,5.82,9.54,51
1.346,0.0,0.0,6.82,5.08,4.15,8.43,63
0.444,0.0,0.0,5.49,3.41,3.6,8.43,65
0.369,0.0,0.0,4.52,2.48,3.04,7.32,68
0.0,0.419,0.0,4.89,2.99,1.93,6.77,65
0.0,0.31,0.0,5.47,3.5,2.49,6.21,67
0.0,0.351,0.0,4.65,2.59,1.93,6.12,69
0.0,0.376,0.0,3.28,0.92,1.38,5.66,71
0.0,0.373,0.0,2.42,0.02,0.82,5.1,76
0.0,0.351,0.0,3.08,0.91,0.82,5.1,78
0.0,0.361,0.0,1.78,-0.73,0.72,5.1,81
0.0,0.339,0.0,2.37,-0.11,0.26,5.1,81
0.0,0.362,0.0,3.01,0.73,0.26,5.1,82
0.0,1.157,0.0,2.26,-0.11,-0.29,5.1,83
0.291,0.0,0.171,3.2,0.98,2.72,4.54,84
0.0,0.0,0.305,5.67,3.36,2.49,6.26,61
0.0,0.0,0.355,7.67,6.33,4.54,7.93,59
0.0,0.0,0.347,8.78,8.78,5.66,9.04,57
0.0,0.0,0.358,10.08,8.5,8.04,10.15,52
0.0,0.0,0.364,11.11,9.66,9.23,11.26,53
0.0,0.0,0.341,11.82,10.34,11.12,11.93,49
0.0,0.0,0.356,11.84,10.36,10.9,13.04,49
0.185,0.0,0.149,11.79,10.43,9.54,13.6,54
0.534,0.0,0.001,11.18,9.79,10.1,11.68,55
2.337,0.0,0.0,8.1,7.06,7.72,10.01,65
2.198,0.0,0.0,6.96,5.45,5.26,8.9,68
0.647,0.0,0.0,6.93,5.34,4.71,8.9,77
0.516,0.0,0.0,5.32,3.29,4.15,7.79,80
0.0,0.469,0.0,6.06,4.23,5.72,7.23,81
0.0,0.418,0.0,6.09,4.61,3.6,6.68,78
0.0,0.394,0.0,4.08,2.49,2.49,6.12,82
0.0,0.378,0.0,5.46,4.18,1.38,6.68,78
0.0,0.307,0.0,4.67,3.28,1.93,6.68,83
0.0,0.327,0.0,3.87,2.2,0.82,6.12,83
0.0,0.295,0.0,3.28,1.28,1.38,5.66,84
0.0,0.328,0.0,3.85,1.96,0.82,5.66,86
0.0,0.277,0.0,3.72,1.72,0.82,5.1,86
0.0,1.083,0.0,3.59,1.53,0.82,4.54,87
0.273,0.0,0.137,3.52,1.57,0.26,4.54,87
0.0,0.0,0.287,5.61,3.55,1.93,5.82,72
0.0,0.0,0.31,6.74,5.42,4.79,6.82,66
0.298,0.0,0.613,7.92,7.07,7.23,7.93,62
0.405,0.0,0.648,9.51,8.87,8.72,9.59,57
0.0,0.0,0.277,10.19,8.75,8.9,10.82,57
0.023,0.0,0.581,11.29,9.83,10.57,11.82,52
0.155,0.0,0.401,11.32,9.92,11.12,12.01,54
0.176,0.0,0.155,11.19,9.91,8.99,13.04,59
0.308,0.0,0.003,10.61,9.32,9.54,11.93,61
0.564,0.0,0.0,8.9,7.75,6.38,9.04,71
0.741,0.0,0.0,6.32,4.67,5.26,8.43,73
1.811,0.0,0.0,7.67,6.28,4.15,7.93,76
0.539,0.0,0.0,7.06,5.64,3.04,7.37,79
0.0,0.401,0.0,6.63,4.85,4.72,6.82,82
0.0,0.424,0.0,5.88,3.93,1.93,6.26,85
0.0,0.407,0.0,5.99,4.42,3.34,6.26,78
0.0,0.394,0.0,5.48,3.91,2.23,5.9,81
0.0,0.311,0.0,2.75,0.63,-0.29,5.34,84
0.0,0.305,0.0,1.98,-0.57,-0.29,5.34,87
0.0,0.326,0.0,4.6,2.36,-0.85,5.15,77
0.0,0.287,0.0,4.14,1.6,-0.85,5.34,79
0.0,0.309,0.0,4.19,1.41,0.72,6.45,78
0.0,1.236,0.0,4.19,1.25,0.72,7.01,78
0.333,0.0,0.039,5.34,3.02,1.68,6.45,77
0.0,0.0,0.293,5.36,2.81,2.72,7.01,78
0.0,0.0,0.295,7.21,5.35,3.9,8.12,76
0.0,0.0,0.309,8.59,6.8,6.68,9.82,74
0.212,0.0,0.376,10.2,9.13,9.23,10.82,71
0.007,0.0,0.29,9.71,7.84,7.88,11.82,80
0.392,0.0,0.314,10.7,9.91,8.43,11.82,80
0.056,0.0,0.238,11.22,10.36,8.99,11.82,75
0.606,0.0,0.169,11.25,10.31,9.54,11.82,72
1.479,0.0,0.003,10.76,9.59,9.71,11.82,65
1.577,0.0,0.0,9.71,7.82,9.23,9.82,73
1.055,0.0,0.0,8.72,6.56,8.43,9.45,75
0.564,0.0,0.0,7.92,5.63,7.72,8.68,78
0.721,0.0,0.0,7.54,5.3,4.15,7.88,81
0.0,0.595,0.0,6.92,4.66,6.72,8.68,83
0.0,0.507,0.0,6.77,4.55,6.68,8.68,83
0.0,0.524,0.0,6.77,4.75,6.68,8.12,85
0.0,0.556,0.0,6.72,4.79,5.57,8.12,85
0.0,0.57,0.0,4.56,2.32,1.38,8.12,86
0.0,0.421,0.0,5.36,3.3,1.38,5.82,85
0.0,0.308,0.0,5.39,3.19,0.82,8.12,85
0.0,0.29,0.0,5.33,2.93,3.99,7.57,84
0.0,0.305,0.0,3.91,1.11,-0.29,8.12,85
0.0,0.893,0.0,4.3,1.62,2.88,7.57,84
0.313,0.0,0.173,4.3,1.73,2.88,7.01,84
0.0,0.0,0.299,6.54,4.1,2.88,7.82,79
0.0,0.0,0.303,10.1,8.84,7.57,10.15,64
0.0,0.0,0.316,10.2,8.95,8.68,10.82,64
0.001,0.0,0.596,11.16,9.79,7.88,11.82,56
0.063,0.0,0.474,11.82,10.49,8.99,12.82,55
0.046,0.0,0.401,12.41,11.04,10.1,14.15,51
0.481,0.0,0.44,11.91,10.49,10.34,14.15,51
0.273,0.0,0.185,11.86,10.43,11.21,12.82,51
0.458,0.0,0.009,11.28,9.85,11.21,12.23,53
0.493,0.0,0.0,10.01,8.71,8.68,10.66,63
0.506,0.0,0.0,8.98,6.81,7.57,9.54,64
0.612,0.0,0.0,8.61,6.46,6.38,9.54,67
0.571,0.0,0.0,7.8,5.57,6.45,8.43,69
0.0,0.578,0.0,7.05,4.82,6.45,7.88,74
0.0,0.494,0.0,7.02,4.97,6.45,7.88,77
0.0,0.595,0.0,6.74,4.71,6.12,6.82,78
0.0,0.37,0.0,5.76,3.58,4.15,6.77,80
0.0,0.316,0.0,4.69,2.4,1.93,6.21,83
0.0,0.315,0.0,3.79,1.49,0.82,5.66,85
0.0,0.3,0.0,2.99,0.66,0.26,5.1,87
0.0,0.318,0.0,2.33,-0.02,0.26,5.1,87
0.0,1.018,0.0,4.25,2.21,-0.29,4.59,74
0.0,1.364,0.0,4.4,2.34,2.72,4.59,74
0.124,0.0,0.179,3.75,1.52,2.23,4.23,89
0.062,0.0,0.444,6.0,3.64,2.49,6.26,68
0.11,0.0,0.459,7.19,5.27,4.54,7.37,65
0.213,0.0,0.652,8.79,7.11,5.66,9.04,62
0.0,0.0,0.315,10.59,9.14,9.15,10.7,55
0.0,0.0,0.305,12.04,10.63,10.34,12.37,51
0.758,0.0,0.408,12.33,10.95,10.9,13.04,51
1.328,0.0,0.544,11.85,10.47,11.45,13.6,53
0.478,0.0,0.182,11.9,10.56,10.1,14.15,54
0.553,0.0,0.002,11.8,10.52,10.66,11.82,57
0.902,0.0,0.0,9.79,8.32,9.15,10.1,62
2.183,0.0,0.0,8.02,5.93,6.93,9.54,66
1.155,0.0,0.0,8.08,5.9,7.01,8.99,67
0.71,0.0,0.0,8.18,6.33,4.71,8.82,67
0.0,1.683,0.0,6.76,4.76,4.71,7.88,73
0.0,0.916,0.0,5.56,3.31,4.15,6.68,75
0.0,0.557,0.0,5.05,2.73,4.23,7.23,76
0.0,0.41,0.0,5.05,2.77,3.12,7.23,78
0.0,0.325,0.0,5.79,3.77,3.12,6.12,79
0.0,0.331,0.0,4.82,2.69,3.12,5.57,80
0.0,0.366,0.0,3.04,0.66,2.57,5.57,81
0.0,0.321,0.0,1.22,-1.49,0.72,4.45,83
0.0,0.306,0.0,1.04,-1.75,0.72,4.45,83
0.0,1.177,0.0,0.93,-1.79,0.72,3.9,84
0.222,0.0,0.176,3.6,1.31,-0.28,4.04,71
0.13,0.0,0.437,5.47,3.17,2.49,5.7,65
0.657,0.0,0.749,6.82,5.62,6.68,6.93,64
0.022,0.0,0.606,7.92,6.66,7.72,8.6,59
0.794,0.0,0.995,9.12,7.79,8.68,10.26,56
0.0,0.0,0.587,9.73,8.31,9.23,11.38,52
0.615,0.0,0.448,10.32,8.77,10.15,11.82,52
0.469,0.0,0.505,10.8,9.24,9.54,12.49,50
3.381,0.0,0.192,10.91,9.31,10.1,13.04,48
1.893,0.0,0.002,10.78,9.17,10.1,11.82,48
0.659,0.0,0.0,8.78,7.78,6.93,10.01,53
0.568,0.0,0.0,6.43,5.13,5.72,8.9,57
1.097,0.0,0.0,6.16,5.12,4.71,8.34,67
1.375,0.0,0.0,5.34,4.17,4.15,8.34,76
0.0,1.643,0.0,4.41,2.92,3.04,7.23,84
0.0,1.656,0.0,3.57,2.27,2.49,6.68,87
0.0,0.557,0.0,3.48,2.13,1.93,6.21,87
0.0,0.446,0.0,4.15,2.87,3.12,5.57,86
0.0,0.305,0.0,5.61,4.37,2.57,5.82,84
0.0,0.29,0.0,5.56,4.03,2.01,5.82,84
0.0,0.313,0.0,4.73,2.91,1.45,5.01,82
0.0,0.288,0.0,4.71,2.78,1.45,4.82,82
0.0,0.313,0.0,3.98,1.78,0.9,4.54,82
0.0,2.207,0.0,3.98,1.72,0.9,4.54,83
0.321,0.0,0.191,3.25,0.85,0.9,4.54,82
0.0,0.0,0.362,5.64,3.23,4.54,5.7,66
0.407,0.0,0.446,6.81,4.99,6.38,6.82,62
1.307,0.0,0.833,7.97,6.21,7.49,8.82,60
0.1,0.0,0.476,9.08,7.58,8.9,9.82,54
0.0,0.0,0.302,10.3,8.77,10.01,11.82,53
0.302,0.0,0.602,10.82,9.32,10.7,11.93,52
0.0,0.0,0.371,11.44,9.92,11.26,13.6,49
0.168,0.0,0.191,11.42,9.87,11.26,12.82,48
0.275,0.0,0.005,11.17,9.65,9.54,12.23,50
0.698,0.0,0.0,8.82,8.82,7.49,10.57,50
1.087,0.0,0.0,7.12,6.45,6.38,8.43,61
0.468,0.0,0.0,6.25,4.93,5.26,8.9,76
0.443,0.0,0.0,5.23,3.75,3.6,7.32,82
0.0,0.496,0.0,4.41,2.89,3.04,7.23,86
0.0,0.579,0.0,4.21,2.76,2.49,6.68,89
0.0,0.573,0.0,4.56,3.28,1.38,5.66,90
0.0,0.504,0.0,4.38,2.93,0.82,5.57,89
0.0,0.317,0.0,3.63,1.95,-0.29,5.01,88
0.0,0.322,0.0,3.53,1.78,-0.29,3.99,89
0.0,0.297,0.0,3.53,1.45,-0.29,4.45,90
0.0,0.3,0.0,3.71,1.38,3.43,4.45,92
0.0,0.302,0.0,2.79,0.22,2.72,4.45,91
0.0,0.84,0.0,2.79,0.13,2.72,3.34,91
0.174,0.0,0.184,2.45,-0.24,-0.85,3.9,90
0.0,0.0,0.28,4.19,1.83,2.32,5.01,87
0.0,0.0,0.283,9.5,8.65,6.68,9.59,58
0.617,0.0,0.849,10.97,9.64,8.34,11.26,58
0.0,0.0,0.379,11.29,10.02,10.57,11.82,59
0.0,0.0,0.295,12.4,11.11,12.23,13.12,54
0.488,0.0,0.504,13.33,11.89,11.72,14.23,45
0.949,0.0,0.531,13.16,11.65,9.54,14.71,43
0.9,0.0,0.188,12.79,11.3,10.1,15.26,45
0.279,0.0,0.007,12.67,11.25,10.1,13.12,48
0.627,0.0,0.0,9.73,8.85,9.54,10.01,66
2.782,0.0,0.0,8.0,6.91,7.72,8.99,71
0.716,0.0,0.0,7.22,5.81,6.72,8.68,81
0.642,0.0,0.0,6.37,4.87,5.72,8.34,83
0.0,1.635,0.0,4.97,3.32,3.72,7.23,87
0.0,1.706,0.0,5.91,4.47,4.23,6.68,90
0.0,1.65,0.0,5.76,4.41,3.68,6.12,89
0.0,0.585,0.0,4.28,2.71,3.12,5.66,87
0.0,0.394,0.0,4.2,2.45,3.12,6.68,87
0.0,0.325,0.0,3.1,1.02,2.72,7.23,89
0.0,0.289,0.0,2.52,0.05,1.72,7.23,90
0.0,0.299,0.0,3.92,1.39,3.72,7.23,91
0.0,1.803,0.0,5.65,3.41,5.1,7.23,91
0.0,1.476,0.0,4.94,2.58,4.72,7.23,90
0.195,0.0,0.191,4.09,1.55,3.6,7.23,90
0.0,0.0,0.29,7.4,5.29,6.21,7.82,88
0.0,0.0,0.308,10.53,9.26,6.77,10.7,62
0.0,0.0,0.286,11.77,10.6,10.57,11.82,61
0.121,0.0,0.536,12.91,11.77,11.12,12.93,58
0.0,0.0,0.308,13.0,11.82,12.23,13.82,56
0.284,0.0,0.514,13.09,11.89,12.79,14.82,55
0.0,0.0,0.409,13.09,11.81,12.79,15.9,52
0.712,0.0,0.209,13.59,12.31,13.34,15.34,50
0.359,0.0,0.003,13.41,12.16,12.72,14.23,52
1.622,0.0,0.0,10.04,8.69,9.72,11.21,61
1.159,0.0,0.0,9.83,9.02,9.72,10.57,71
0.703,0.0,0.0,7.57,6.15,6.72,10.57,80
0.823,0.0,0.0,6.69,5.44,5.72,10.01,84
0.0,0.642,0.0,7.37,6.19,6.72,8.99,87
0.0,0.633,0.0,5.79,4.31,4.72,8.9,87
0.0,0.623,0.0,5.64,4.0,4.72,8.34,86
0.0,0.635,0.0,7.12,5.57,5.34,8.9,85
0.0,0.612,0.0,7.12,5.47,5.34,8.9,85
0.0,0.444,0.0,7.82,6.26,4.79,8.34,85
0.0,0.338,0.0,7.8,6.22,4.23,7.88,85
0.0,0.341,0.0,6.92,5.16,3.68,7.32,86
0.0,0.355,0.0,6.92,5.14,3.68,7.32,87
0.0,1.339,0.0,6.92,5.11,3.12,7.32,87
0.268,0.0,0.203,6.79,4.85,3.12,7.23,85
0.135,0.0,0.426,7.58,5.35,6.77,7.82,80
0.272,0.0,0.554,10.59,9.19,7.88,10.7,57
0.0,0.0,0.338,11.55,10.2,10.57,11.82,55
0.229,0.0,0.531,12.89,11.59,11.38,13.12,52
0.0,0.0,0.33,14.58,13.4,13.34,14.82,50
0.132,0.0,0.462,15.68,14.48,14.45,15.9,45
0.0,0.0,0.414,15.62,14.36,14.72,16.45,43
0.175,0.0,0.201,15.47,14.25,12.88,16.38,45
0.368,0.0,0.007,15.0,13.81,12.72,15.15,48
1.621,0.0,0.0,11.05,9.57,10.72,13.34,52
1.397,0.0,0.0,9.22,8.67,8.72,11.21,66
1.272,0.0,0.0,8.51,7.5,7.72,11.12,77
1.972,0.0,0.0,7.51,6.37,6.72,11.12,82
0.0,1.831,0.0,7.97,6.95,5.82,10.01,86
0.0,1.76,0.0,5.79,4.28,4.71,9.45,87
0.0,1.801,0.0,6.31,4.76,4.71,9.45,85
0.0,1.416,0.0,6.68,5.04,3.6,8.9,83
0.0,0.612,0.0,7.84,6.32,3.6,8.9,84
0.0,0.86,0.0,5.66,3.69,2.49,8.34,88
0.0,0.337,0.0,5.48,3.45,1.93,8.34,87
0.0,0.309,0.0,5.84,3.9,5.66,7.79,86
0.0,0.285,0.0,6.51,4.7,5.66,6.82,87
0.0,0.812,0.0,6.15,4.3,1.93,6.82,88
1.09,0.0,0.217,5.39,3.34,1.93,6.68,88
0.0,0.0,0.358,7.1,4.92,4.71,8.34,81
0.0,0.0,0.377,10.45,9.35,6.93,10.82,69
0.089,0.0,0.551,15.06,13.82,10.26,15.15,46
0.0,0.0,0.337,16.65,15.44,13.04,16.82,41
0.0,0.0,0.314,16.37,15.39,15.26,17.82,51
0.0,0.0,0.313,17.13,16.18,14.72,18.12,49
0.0,0.0,0.324,17.29,16.2,12.88,18.68,43
1.065,0.0,0.182,17.03,15.86,13.43,17.57,41
2.764,0.0,0.008,16.1,15.07,13.43,16.26,50
1.273,0.0,0.0,11.94,10.68,11.38,13.34,57
0.57,0.0,0.0,10.12,8.91,9.71,12.23,66
1.068,0.0,0.0,9.28,8.02,8.04,11.68,78
0.853,0.0,0.0,7.65,6.21,6.38,10.66,80
0.0,0.666,0.0,7.01,5.63,5.72,10.01,84
0.0,0.6,0.0,6.45,5.06,5.26,8.99,86
0.0,0.506,0.0,7.54,6.45,4.15,7.88,86
0.0,0.473,0.0,5.14,3.66,3.6,7.32,85
0.0,0.309,0.0,4.51,2.74,3.72,6.77,86
0.0,0.375,0.0,5.89,4.21,5.72,6.21,86
0.0,0.32,0.0,4.46,2.44,3.72,6.68,85
0.0,0.29,0.0,5.06,2.98,4.72,6.68,86
0.0,0.294,0.0,4.73,2.29,1.93,8.34,86
0.0,0.306,0.0,3.45,0.73,2.72,6.12,87
0.094,0.0,0.201,2.62,-0.22,1.72,6.68,87
0.531,0.0,0.51,6.34,4.29,4.71,8.9,81
0.0,0.0,0.362,9.77,8.8,9.72,10.01,74
0.2,0.0,0.733,14.5,13.23,12.72,14.59,47
0.38,0.0,0.867,16.23,15.03,15.01,16.26,43
0.014,0.0,0.456,17.01,15.78,13.72,19.23,39
0.917,0.0,0.691,17.63,16.34,13.43,20.34,34
0.0,0.0,0.361,18.09,16.95,14.54,20.26,38
0.157,0.0,0.204,17.47,16.45,13.72,19.23,45
1.409,0.0,0.009,17.34,16.36,13.72,17.37,47
0.669,0.0,0.0,11.35,10.08,10.72,14.45,59
0.628,0.0,0.0,9.53,8.48,8.72,12.32,68
0.519,0.0,0.0,8.91,7.43,7.72,13.12,77
0.45,0.0,0.0,7.24,5.7,5.72,11.12,79
0.0,0.539,0.0,6.97,5.51,5.72,10.57,82
0.0,0.814,0.0,6.74,5.26,5.72,11.12,84
0.0,0.493,0.0,6.89,5.48,4.71,8.43,82
0.0,0.368,0.0,5.46,3.65,4.72,9.45,80
0.0,0.3,0.0,5.36,3.43,4.72,8.34,81
0.0,0.314,0.0,6.88,5.11,6.72,10.01,84
0.0,0.297,0.0,5.15,2.89,4.72,10.57,84
0.0,0.311,0.0,6.77,4.69,6.21,6.82,84
0.0,0.3,0.0,8.77,7.07,6.21,8.82,82
0.0,0.306,0.0,7.77,5.87,6.77,7.82,80
0.119,0.0,0.211,3.23,0.39,2.72,7.88,79
0.0,0.0,0.296,10.35,9.29,8.99,10.82,71
0.0,0.0,0.318,12.82,11.18,9.54,12.93,39
0.986,0.0,0.962,13.49,11.97,11.93,13.82,41
1.31,0.0,0.981,14.59,13.12,13.6,14.82,39
0.0,0.0,0.655,15.68,14.22,14.45,15.82,35
0.92,0.0,0.793,16.28,14.8,15.26,17.57,32
2.255,0.0,0.567,16.39,15.0,15.57,18.12,35
0.378,0.0,0.238,16.39,15.02,16.12,17.82,36
0.405,0.0,0.006,15.78,14.48,15.01,16.82,41
1.083,0.0,0.0,14.52,13.44,13.43,14.82,54
1.091,0.0,0.0,13.32,12.17,10.82,13.82,56
1.165,0.0,0.0,11.65,10.46,8.6,13.34,61
0.55,0.0,0.0,11.55,10.38,9.15,12.32,62
0.0,0.447,0.0,11.14,9.98,9.82,12.32,64
0.0,1.177,0.0,11.01,9.92,10.34,11.77,67
0.0,1.818,0.0,9.7,8.18,6.93,11.21,68
0.0,1.639,0.0,9.4,7.72,7.49,9.82,70
0.0,1.479,0.0,9.66,8.15,7.49,10.66,70
0.0,0.362,0.0,9.77,8.09,8.04,9.82,69
0.0,0.348,0.0,9.31,7.52,6.93,9.82,67
0.0,0.348,0.0,9.22,7.46,6.38,9.82,66
0.0,0.352,0.0,9.4,7.81,7.01,9.82,63
0.0,1.538,0.0,9.31,7.89,6.45,9.82,65
0.272,0.0,0.236,8.58,7.13,4.79,8.99,69
0.0,0.0,0.334,9.77,8.09,9.54,9.82,70
0.0,0.0,0.301,11.45,10.27,10.1,12.23,62
0.0,0.0,0.272,13.61,12.49,12.79,13.82,56
0.0,0.0,0.31,16.08,14.4,14.15,16.45,25
0.0,0.0,0.286,17.01,15.45,14.71,17.57,26
0.453,0.0,0.447,17.55,15.96,12.88,18.68,23
0.087,0.0,0.429,17.01,15.42,13.43,18.68,25
0.178,0.0,0.231,16.05,14.52,13.99,17.57,31
0.372,0.0,0.009,15.57,14.1,13.99,15.9,35
1.32,0.0,0.0,14.52,13.36,13.34,14.82,51
0.875,0.0,0.0,13.6,12.27,12.79,13.82,48
0.444,0.0,0.0,12.77,11.36,12.32,12.82,48
0.552,0.0,0.0,10.77,9.18,10.72,12.32,49
0.0,0.628,0.0,10.27,8.55,9.72,11.77,46
0.0,0.705,0.0,9.05,6.73,7.52,11.82,47
0.0,1.195,0.0,10.77,9.16,9.79,10.82,48
0.0,1.352,0.0,8.81,6.57,8.72,9.45,50
0.0,0.3,0.0,8.78,6.51,8.12,8.9,52
0.0,0.317,0.0,7.97,5.76,6.38,9.54,59
0.0,0.297,0.0,8.05,5.99,7.01,8.99,63
0.0,0.308,0.0,6.73,4.4,3.6,8.43,65
0.0,0.303,0.0,7.27,5.07,3.04,8.43,66
0.0,0.848,0.0,7.02,4.83,5.9,7.88,70
0.305,0.0,0.223,5.8,3.29,2.49,7.88,70
0.0,0.0,0.292,7.97,5.66,6.93,8.82,60
0.0,0.0,0.318,9.48,8.04,8.12,9.59,55
0.0,0.0,0.297,10.8,9.29,10.57,11.82,52
0.357,0.0,0.664,12.5,11.01,12.23,13.82,46
0.0,0.0,0.311,13.6,12.16,12.79,14.82,44
0.299,0.0,0.506,14.17,12.66,12.32,15.82,39
0.0,0.0,0.416,14.67,13.18,12.88,16.38,38
0.174,0.0,0.233,14.01,12.46,12.88,15.26,38
0.431,0.0,0.01,13.9,12.31,12.57,14.15,37
0.583,0.0,0.0,10.25,8.69,9.72,12.32,52
1.16,0.0,0.0,9.22,9.22,8.72,11.21,52
0.818,0.0,0.0,8.3,7.74,7.72,10.66,58
1.258,0.0,0.0,7.7,6.56,6.72,10.1,71
0.0,1.824,0.0,7.89,6.54,6.72,9.54,72
0.0,1.823,0.0,7.52,5.65,6.45,9.54,66
0.0,1.82,0.0,7.4,4.84,6.45,9.45,65
0.0,1.778,0.0,9.58,7.45,6.45,10.72,61
0.0,1.02,0.0,9.68,7.73,6.45,9.82,60
0.0,0.478,0.0,8.14,5.56,6.45,9.82,72
0.0,0.297,0.0,7.63,4.63,6.45,9.82,78
0.0,0.336,0.0,7.98,4.9,7.79,8.82,73
0.0,0.336,0.0,7.98,4.97,7.79,8.82,69
0.0,1.141,0.0,7.93,5.04,7.72,8.43,69
0.372,0.0,0.024,7.99,5.18,7.23,8.82,68
0.106,0.0,0.156,8.51,5.63,7.79,9.23,66
0.006,0.0,0.268,9.19,6.38,8.34,10.82,64
0.035,0.0,0.483,10.75,9.45,8.9,12.01,60
0.743,0.0,0.704,11.74,10.48,9.54,13.12,58
0.0,0.0,0.31,12.39,11.12,10.66,14.71,55
0.351,0.0,0.436,14.13,12.93,13.68,15.82,51
0.072,0.0,0.396,14.09,12.83,12.32,16.38,49
1.219,0.0,0.258,14.18,12.96,12.88,15.82,50
2.186,0.0,0.006,14.16,12.94,12.88,15.82,50
1.252,0.0,0.0,11.98,10.64,11.72,13.34,54
0.79,0.0,0.0,13.6,12.56,12.79,13.82,59
0.435,0.0,0.0,12.17,11.09,9.71,12.82,63
0.338,0.0,0.0,11.04,9.87,8.68,11.77,64
0.0,0.68,0.0,11.63,10.36,9.71,11.82,58
0.0,0.587,0.0,11.64,10.43,6.45,11.82,60
0.0,0.471,0.0,10.03,8.71,6.45,11.12,62
0.0,0.371,0.0,9.15,7.62,7.57,10.57,64
0.0,0.356,0.0,6.99,4.99,5.72,10.1,68
0.0,0.316,0.0,8.86,7.23,5.34,10.1,71
0.0,0.286,0.0,7.13,5.13,5.72,9.54,73
0.0,0.282,0.0,5.83,3.47,4.72,8.99,74
0.0,0.31,0.0,7.64,5.61,5.26,8.9,73
0.0,0.729,0.0,8.18,6.27,4.71,8.82,73
0.181,0.0,0.227,6.86,4.65,4.15,8.9,74
0.0,0.0,0.298,9.22,7.23,5.34,10.57,70
0.401,0.0,0.764,11.85,10.58,10.66,12.82,57
0.52,0.0,0.673,12.96,11.75,11.21,13.82,55
0.0,0.0,0.299,14.1,12.98,13.34,14.82,54
0.0,0.0,0.305,14.7,13.51,14.45,15.82,49
0.0,0.0,0.423,15.3,14.06,15.01,16.82,45
0.0,0.0,0.343,15.27,13.92,13.99,16.82,41
0.211,0.0,0.265,14.79,13.42,13.99,16.82,42
1.353,0.0,0.01,14.28,12.91,13.99,16.82,44
2.506,0.0,0.0,14.52,13.25,13.43,14.82,47
2.948,0.0,0.0,13.34,12.01,9.71,13.82,49
0.984,0.0,0.0,12.12,10.72,8.6,12.82,51
1.513,0.0,0.0,10.76,9.25,8.68,11.77,52
0.0,1.141,0.0,10.58,9.03,7.57,11.21,51
0.0,1.703,0.0,10.38,8.83,7.01,10.82,52
0.0,0.84,0.0,9.52,7.67,5.9,10.66,53
0.0,0.538,0.0,9.33,7.39,5.34,10.1,54
0.0,0.501,0.0,8.54,6.38,4.71,10.1,53
0.0,0.494,0.0,8.43,6.21,4.71,9.54,58
0.0,0.357,0.0,8.86,6.77,4.15,9.82,60
0.0,0.304,0.0,8.86,6.82,4.15,9.82,60
0.0,0.307,0.0,8.02,5.83,3.6,8.82,63
0.0,1.109,0.0,7.23,4.89,2.49,8.43,64
0.233,0.0,0.224,7.8,5.53,3.04,8.82,65
0.0,0.0,0.305,8.48,6.11,6.93,8.82,57
0.386,0.0,0.687,10.2,8.69,9.71,10.82,54
0.249,0.0,0.533,11.4,9.93,11.12,12.82,51
0.287,0.0,0.623,13.01,11.57,12.23,13.82,46
0.0,0.0,0.287,13.62,12.16,13.48,14.82,43
0.0,0.0,0.32,14.7,13.3,13.9,15.82,41
0.0,0.0,0.33,15.2,13.74,14.45,15.82,37
0.086,0.0,0.249,14.19,12.76,13.43,15.82,42
0.305,0.0,0.013,14.09,12.68,13.43,14.82,43
0.564,0.0,0.0,13.6,12.35,12.79,13.82,51
1.442,0.0,0.0,10.97,9.51,9.71,12.32,53
0.318,0.0,0.0,10.96,9.55,10.72,11.77,55
0.36,0.0,0.0,8.05,6.6,6.72,11.21,58
0.0,0.512,0.0,8.22,6.67,6.93,10.66,55
0.0,0.509,0.0,7.44,5.64,5.82,10.1,55
0.0,0.482,0.0,7.49,5.65,6.38,10.1,57
0.0,0.504,0.0,7.93,6.3,5.82,9.54,60
0.0,0.375,0.0,8.12,6.52,4.71,8.82,64
0.0,0.341,0.0,8.08,6.21,6.45,8.99,69
0.0,0.325,0.0,7.95,5.93,3.04,8.82,70
0.0,0.329,0.0,7.77,5.72,5.9,7.88,71
0.0,0.301,0.0,7.02,5.02,6.68,7.88,73
0.0,1.081,0.0,7.02,5.05,6.68,7.88,72
0.162,0.0,0.228,7.52,5.48,5.26,7.82,70
0.0,0.0,0.298,7.99,5.64,7.32,8.82,57
0.0,0.0,0.31,9.11,7.03,8.43,10.9,56
0.719,0.0,0.849,9.82,7.48,9.54,13.12,52
0.073,0.0,0.857,11.39,9.86,10.1,14.23,49
0.338,0.0,0.9,12.48,10.93,11.21,13.82,44
0.159,0.0,0.644,13.6,12.01,13.34,14.82,38
0.01,0.0,0.496,14.16,12.62,12.32,15.82,38
0.434,0.0,0.242,14.07,12.52,12.32,15.26,38
0.596,0.0,0.004,13.46,11.85,12.23,13.82,38
0.566,0.0,0.0,12.58,11.15,11.68,12.82,48
0.977,0.0,0.0,10.85,9.32,10.72,11.21,51
0.393,0.0,0.0,9.13,7.64,8.04,10.66,56
0.465,0.0,0.0,10.29,8.94,8.04,10.82,60
0.0,1.345,0.0,9.86,8.58,9.72,10.1,56
0.0,0.496,0.0,7.9,6.23,5.26,10.01,58
0.0,0.599,0.0,6.31,4.21,4.71,9.45,59
0.0,0.494,0.0,6.36,4.0,5.26,8.9,62
0.0,0.352,0.0,9.21,7.3,5.9,9.82,62
0.0,0.36,0.0,10.31,8.99,7.01,10.82,61
0.0,0.338,0.0,10.77,9.44,9.54,10.82,59
0.0,0.605,0.0,10.48,9.12,6.45,10.82,59
0.0,1.04,0.0,10.14,8.78,6.93,10.82,60
0.0,0.391,0.002,10.28,8.96,7.01,10.82,61
0.087,0.0,0.248,10.28,8.98,7.01,10.82,62
0.017,0.0,0.436,10.43,9.1,9.23,10.82,60
0.625,0.0,0.791,10.76,9.35,9.54,11.82,56
0.03,0.0,0.695,11.96,10.65,10.1,13.82,55
0.386,0.0,0.718,13.08,11.75,11.77,14.82,50
0.077,0.0,0.337,14.17,12.92,12.88,15.82,49
0.0,0.0,0.294,14.27,12.98,13.43,16.82,47
0.44,0.0,0.206,14.27,12.98,13.43,16.82,47
1.742,0.0,0.08,14.18,12.85,13.43,15.82,46
1.619,0.0,0.014,14.17,12.9,13.43,15.82,48
0.578,0.0,0.0,14.42,13.22,12.88,14.82,50
1.861,0.0,0.0,14.42,13.28,12.79,14.82,52
1.039,0.0,0.0,12.65,11.38,12.01,12.82,54
0.537,0.0,0.0,12.99,11.83,10.26,13.82,57
0.0,1.115,0.0,12.24,10.93,10.26,12.82,54
0.0,2.7,0.0,12.22,10.96,10.26,12.82,56
0.0,2.029,0.0,11.67,10.38,10.26,11.82,57
0.0,0.431,0.0,11.66,10.4,11.21,12.23,58
0.0,0.383,0.0,12.15,10.94,9.71,12.82,58
0.0,0.34,0.0,11.58,10.39,10.26,11.82,61
0.0,0.328,0.0,11.65,10.52,10.34,11.82,63
0.0,0.313,0.0,11.51,10.34,9.71,11.82,62
0.0,0.315,0.0,11.51,10.36,9.71,11.82,63
0.0,1.475,0.0,12.22,11.12,10.26,12.82,62
0.506,0.0,0.066,11.38,10.27,9.71,11.82,65
0.122,0.0,0.185,12.34,11.35,11.21,12.82,66
0.03,0.0,0.272,13.55,12.45,12.32,14.82,57
0.0,0.0,0.296,15.19,14.17,14.45,15.82,54
0.0,0.0,0.315,16.29,15.33,15.57,16.82,52
0.0,0.0,0.292,16.91,15.96,16.45,17.82,50
0.0,0.0,0.3,16.41,15.41,15.66,18.04,50
0.0,0.0,0.399,16.93,15.96,16.21,19.15,49
0.126,0.0,0.27,16.84,15.86,16.72,18.34,49
0.376,0.0,0.025,16.74,15.75,15.72,18.04,49
1.585,0.0,0.0,14.13,13.3,13.72,15.66,65
2.533,0.0,0.0,13.1,12.14,12.72,14.54,64
1.498,0.0,0.0,12.25,11.25,11.72,13.99,66
1.158,0.0,0.0,13.68,12.85,13.12,13.82,67
0.0,1.171,0.0,12.92,12.17,12.01,13.43,73
0.0,0.907,0.0,12.77,12.06,12.01,12.88,75
0.0,0.549,0.0,11.79,11.01,11.45,12.23,76
0.0,0.374,0.0,11.64,10.79,10.9,11.82,74
0.0,0.325,0.0,11.51,10.57,10.66,11.82,71
0.0,0.312,0.0,11.51,10.57,10.66,11.82,71
0.0,0.315,0.0,11.36,10.41,9.79,11.82,71
0.0,0.312,0.0,11.01,10.02,7.49,11.82,71
0.0,0.298,0.0,11.01,10.05,7.49,11.82,72
0.0,1.017,0.0,11.06,10.08,8.04,11.82,71
0.143,0.0,0.181,11.49,10.52,10.66,11.82,70
0.906,0.0,0.411,12.25,11.33,11.21,12.82,69
0.0,0.0,0.284,14.49,13.4,13.04,14.59,54
0.0,0.0,0.298,15.52,14.49,12.88,16.45,52
0.0,0.0,0.284,15.97,14.95,15.57,17.01,51
0.0,0.0,0.29,17.31,16.35,16.68,17.49,48
0.178,0.0,0.474,17.51,16.52,17.37,18.82,46
0.0,0.0,0.277,17.93,16.98,17.01,18.9,46
0.129,0.0,0.171,17.93,17.03,17.72,18.6,48
0.295,0.0,0.024,17.3,16.34,16.21,18.04,48
0.54,0.0,0.0,14.99,14.03,14.71,16.12,57
0.808,0.0,0.0,12.29,11.19,11.72,15.01,62
0.735,0.0,0.0,12.34,11.27,11.72,15.01,63
0.837,0.0,0.0,13.0,11.95,12.72,13.99,61
0.0,0.566,0.0,14.52,13.54,13.43,14.82,58
0.0,0.616,0.0,13.55,12.55,11.38,13.82,61
0.0,0.605,0.0,13.23,12.25,10.26,13.82,63
0.0,0.512,0.0,13.05,12.13,9.71,13.82,66
0.0,0.433,0.0,12.39,11.49,9.71,12.88,69
0.0,0.416,0.0,11.69,10.79,9.15,12.88,72
0.0,0.267,0.0,10.78,9.82,8.04,12.32,73
0.0,0.263,0.0,10.01,9.0,8.04,11.77,74
0.0,0.309,0.0,11.28,10.34,8.04,11.82,72
0.0,1.326,0.007,11.21,10.27,7.49,11.82,72
0.429,0.0,0.214,11.24,10.3,7.49,11.82,72
0.0,0.0,0.245,12.67,11.82,12.32,12.82,70
0.0,0.0,0.329,15.04,14.04,12.57,15.15,55
0.325,0.0,0.782,16.29,15.33,15.57,16.82,52
0.507,0.0,0.803,17.26,16.35,16.68,18.82,50
0.0,0.0,0.312,18.61,17.75,18.34,19.82,47
0.268,0.0,0.697,19.11,18.23,18.9,19.82,44
0.0,0.0,0.36,19.53,18.64,18.72,20.26,42
0.157,0.0,0.25,18.9,18.02,17.32,20.26,45
0.39,0.0,0.029,18.28,17.42,16.72,18.68,48
0.564,0.0,0.0,15.04,14.06,14.72,16.21,56
0.456,0.0,0.0,12.52,11.47,11.72,15.1,63
0.59,0.0,0.0,11.72,10.67,10.72,14.54,66
0.583,0.0,0.0,10.88,9.98,9.72,13.99,75
0.0,0.612,0.0,10.11,9.27,8.72,13.99,80
0.0,0.624,0.0,10.5,9.8,9.15,13.43,84
0.0,0.572,0.0,11.98,11.14,8.04,12.37,73
0.0,0.498,0.0,11.63,10.75,7.49,12.37,73
0.0,0.32,0.0,10.31,9.75,6.93,11.21,90
0.0,0.267,0.0,8.86,8.0,6.38,10.66,92
0.0,0.314,0.0,7.4,6.24,6.72,10.1,91
0.0,0.243,0.0,7.4,6.21,6.72,10.1,91
0.0,0.271,0.0,7.29,6.09,6.72,10.01,90
0.0,0.767,0.004,7.29,6.17,6.72,9.54,91
0.124,0.0,0.194,6.38,4.9,5.72,8.99,89
0.0,0.0,0.234,10.41,9.75,8.6,10.82,86
0.474,0.0,0.494,16.72,15.86,13.9,16.82,54
0.0,0.0,0.257,17.54,16.68,13.6,17.93,51
0.0,0.0,0.254,18.96,18.03,16.38,19.04,43
0.0,0.0,0.255,19.42,18.46,17.72,19.71,40
0.0,0.0,0.249,20.21,19.33,15.66,20.7,40
0.0,0.0,0.247,20.25,19.48,16.72,20.82,44
0.091,0.0,0.222,19.7,18.9,15.72,21.38,45
0.251,0.0,0.031,19.17,18.42,15.72,19.59,49
0.849,0.0,0.0,14.23,13.22,13.72,16.68,58
1.41,0.0,0.0,13.27,12.35,12.72,15.57,65
1.102,0.0,0.0,11.81,11.06,10.72,14.54,77
0.536,0.0,0.0,11.58,10.88,10.72,15.01,80
0.0,2.162,0.0,10.04,9.29,8.72,14.45,84
0.0,0.711,0.0,10.48,9.86,9.15,13.9,87
0.0,1.039,0.0,10.91,10.3,8.6,13.34,86
0.0,0.419,0.0,10.09,9.4,6.93,13.9,86
0.0,0.446,0.0,9.87,8.88,6.38,12.79,85
0.0,0.408,0.0,10.35,9.66,6.38,11.68,85
0.0,0.264,0.0,10.08,9.36,8.12,12.23,85
0.0,0.256,0.0,9.94,8.77,9.72,11.12,85
0.0,0.256,0.0,9.94,8.56,9.72,11.68,84
0.0,1.149,0.006,11.67,11.06,11.21,11.82,83
0.078,0.0,0.235,11.99,11.33,5.26,12.82,80
0.0,0.0,0.247,13.14,12.39,9.71,13.82,72
0.0,0.0,0.254,16.18,14.98,12.88,16.26,43
0.0,0.0,0.256,17.52,16.35,15.26,17.93,39
0.0,0.0,0.26,18.51,17.41,17.79,19.79,38
0.0,0.0,0.336,19.72,18.66,19.45,21.38,35
0.434,0.0,0.612,20.3,19.2,20.01,21.82,31
0.108,0.0,0.545,20.61,19.51,17.32,22.01,30
0.071,0.0,0.306,20.47,19.25,16.72,21.12,26
0.233,0.0,0.026,17.08,16.25,16.72,20.01,54
0.345,0.0,0.0,14.14,12.55,13.72,17.88,36
0.403,0.0,0.0,12.83,11.13,11.72,17.32,37
0.429,0.0,0.0,12.17,10.9,11.38,16.21,56
0.538,0.0,0.0,10.6,9.23,8.72,15.66,58
0.0,0.579,0.0,10.91,9.75,9.72,14.54,65
0.0,0.568,0.0,11.67,10.54,10.72,14.54,63
0.0,0.529,0.0,12.2,11.07,11.45,13.43,61
0.0,0.476,0.0,11.19,9.98,10.34,12.32,62
0.0,0.421,0.0,9.66,8.41,8.72,13.34,66
0.0,0.275,0.0,12.52,11.58,10.9,12.82,67
0.0,0.268,0.0,13.12,12.24,10.9,13.82,67
0.0,0.265,0.0,11.66,10.6,10.9,12.23,66
0.0,1.387,0.0,12.39,11.36,9.23,12.82,64
0.0,0.481,0.005,11.54,10.45,8.12,12.23,65
0.016,0.0,0.238,10.99,9.82,6.38,11.82,64
0.0,0.0,0.26,12.76,11.66,9.15,13.82,60
0.222,0.0,0.564,16.44,15.08,11.38,16.82,36
1.301,0.0,0.954,17.52,16.32,15.26,17.93,38
2.131,0.0,0.995,18.48,17.32,17.23,20.34,36
0.004,0.0,0.584,19.57,18.55,17.79,20.34,37
0.86,0.0,0.448,19.56,18.56,16.21,20.82,38
0.024,0.0,0.282,19.34,18.37,16.77,20.34,40
0.237,0.0,0.18,18.79,17.82,16.72,20.34,42
0.843,0.0,0.02,18.11,17.13,14.72,19.79,44
0.883,0.0,0.0,14.94,13.77,14.72,15.66,49
0.514,0.0,0.0,14.02,12.91,13.72,15.1,55
0.643,0.0,0.0,14.02,13.2,13.72,15.1,66
0.601,0.0,0.0,13.92,13.2,13.72,14.54,70
0.0,0.586,0.0,12.45,11.58,11.72,14.79,70
0.0,0.582,0.0,14.72,13.68,10.72,15.15,55
0.0,1.6,0.0,10.76,9.95,9.72,13.68,79
0.0,0.541,0.0,9.91,9.24,8.72,13.34,82
0.0,0.344,0.0,10.36,9.54,9.72,12.79,80
0.0,0.357,0.0,9.48,8.44,8.72,12.23,80
0.0,0.3,0.0,10.94,10.05,10.72,12.23,75
0.0,0.332,0.0,10.79,9.86,10.66,11.68,74
0.0,0.328,0.0,10.08,9.08,9.72,12.23,74
0.0,0.348,0.011,9.83,8.68,9.72,12.23,72
0.103,0.0,0.211,8.55,6.93,7.72,13.34,70
0.19,0.0,0.282,11.89,10.96,11.72,13.9,70
0.0,0.0,0.331,15.73,14.98,13.68,15.82,62
0.224,0.0,0.514,16.73,15.89,16.12,17.01,55
1.068,0.0,0.976,17.74,16.95,17.23,18.68,53
0.297,0.0,0.54,18.78,18.07,18.72,21.45,52
0.423,0.0,0.498,19.55,18.92,18.6,22.01,52
0.781,0.0,0.249,18.01,17.2,17.32,21.45,51
0.146,0.0,0.235,17.51,16.65,16.72,20.9,51
0.245,0.0,0.062,17.51,16.78,16.72,20.82,56
0.472,0.0,0.0,16.06,15.29,15.72,18.9,60
0.968,0.0,0.0,15.15,14.37,14.72,16.77,63
0.705,0.0,0.0,14.31,13.6,13.72,16.12,69
0.573,0.0,0.0,13.58,12.87,12.72,16.12,72
0.0,0.484,0.0,13.09,12.44,11.72,16.12,76
0.0,0.524,0.0,12.47,11.78,10.72,16.12,77
0.0,0.52,0.0,13.38,12.76,12.01,15.57,76
0.0,0.443,0.0,12.56,11.86,11.72,15.01,76
0.0,0.274,0.0,11.38,10.53,9.72,14.45,75
0.0,0.312,0.0,12.4,11.71,11.45,15.57,77
0.0,0.256,0.0,11.79,11.01,10.72,15.01,76
0.0,0.244,0.0,12.94,12.27,12.01,15.01,76
0.0,0.25,0.0,14.01,13.4,11.45,14.72,74
0.0,1.045,0.0,14.62,14.07,12.01,15.72,74
0.484,0.0,0.046,14.24,13.6,12.01,14.72,72
0.134,0.0,0.123,14.28,13.59,13.12,15.01,70
0.027,0.0,0.242,16.69,15.72,13.6,16.82,50
0.109,0.0,0.286,17.32,16.41,15.66,17.72,50
0.993,0.0,0.475,18.45,17.63,16.21,19.72,49
0.0,0.0,0.243,19.5,18.71,17.32,19.79,46
0.01,0.0,0.228,20.45,19.7,17.72,20.7,44
0.073,0.0,0.166,19.96,19.21,17.72,20.9,46
0.18,0.0,0.064,19.7,19.03,17.72,20.15,50
0.254,0.0,0.004,17.85,17.05,16.72,18.68,52
0.333,0.0,0.0,17.17,16.35,13.72,17.37,54
0.42,0.0,0.0,16.67,15.88,13.9,16.82,57
0.534,0.0,0.0,15.54,14.9,12.72,15.7,67
0.601,0.0,0.0,14.51,13.95,12.72,15.1,74
0.0,0.594,0.0,14.03,13.47,12.79,14.54,76
0.0,0.561,0.0,13.75,13.4,12.79,13.99,85
0.0,0.569,0.0,13.5,13.1,12.79,13.99,84
0.0,0.561,0.0,12.98,12.58,12.23,13.72,86
0.0,0.509,0.0,12.98,12.5,12.01,13.72,83
0.0,0.494,0.0,12.87,12.59,11.12,13.43,91
0.0,0.491,0.0,12.67,12.37,11.12,12.88,91
0.0,0.422,0.0,12.39,11.8,10.57,12.88,81
0.0,0.264,0.0,12.34,11.77,10.57,12.88,82
0.0,0.262,0.003,12.33,11.71,10.01,12.37,80
0.21,0.0,0.052,12.26,11.66,9.45,12.37,81
0.183,0.0,0.158,12.56,12.01,9.45,12.93,82
0.212,0.0,0.196,14.36,13.81,10.82,14.59,75
0.01,0.0,0.361,15.0,14.54,12.23,15.15,76
0.617,0.0,0.345,14.53,14.05,13.72,15.34,77
0.536,0.0,0.085,15.63,15.29,14.45,16.45,78
0.308,0.0,0.227,15.63,15.31,13.9,16.93,79
0.354,0.0,0.209,14.05,13.83,13.72,15.1,89
0.422,0.0,0.064,14.03,13.81,12.79,14.54,89
0.464,0.0,0.013,14.02,13.8,12.79,15.26,89
0.533,0.0,0.0,12.98,12.66,12.23,13.72,89
2.77,0.0,0.0,12.93,12.6,12.23,13.43,89
1.482,0.0,0.0,12.38,12.02,12.23,12.72,90
0.715,0.0,0.0,12.38,12.05,12.23,12.72,91
0.0,0.56,0.0,11.81,11.45,11.68,12.01,92
0.0,0.738,0.0,11.84,11.48,11.12,12.88,92
0.0,0.427,0.0,11.84,11.48,11.12,12.88,92
0.0,0.236,0.0,11.78,11.44,10.72,12.32,93
0.0,0.385,0.0,11.83,11.5,11.12,12.32,93
0.0,0.32,0.0,11.83,11.5,11.72,12.32,93
0.0,0.242,0.0,11.29,10.9,11.12,12.01,93
0.0,0.247,0.0,11.29,10.93,10.57,12.01,94
0.0,0.254,0.0,11.29,10.93,10.57,12.01,94
0.0,0.573,0.0,11.25,10.88,10.57,12.01,94
0.696,0.0,0.048,10.73,10.31,10.57,12.01,94
0.168,0.0,0.235,10.78,10.37,10.7,12.01,94
0.546,0.0,0.783,10.85,10.45,10.7,12.79,94
0.208,0.0,0.518,11.9,11.6,11.82,12.88,94
0.0,0.0,0.403,13.49,13.14,12.79,13.72,86
0.172,0.0,0.302,14.05,13.65,12.01,14.72,82
0.03,0.0,0.344,14.0,13.6,12.01,14.15,82
0.177,0.0,0.243,13.49,13.11,12.01,14.71,85
0.258,0.0,0.191,12.96,12.64,12.93,13.9,89
0.241,0.0,0.039,12.13,11.77,11.82,13.6,91
1.128,0.0,0.0,11.87,11.46,11.45,13.04,90
0.518,0.0,0.0,10.78,10.21,10.34,11.77,88
1.229,0.0,0.0,9.69,7.82,9.59,11.21,88
1.321,0.0,0.0,9.63,7.75,9.23,10.66,88
0.0,0.6,0.0,8.49,6.36,8.48,8.9,88
0.0,0.583,0.0,7.92,5.56,7.72,8.12,88
0.0,0.522,0.0,7.92,5.56,7.72,8.12,86
0.0,0.447,0.0,6.86,4.26,6.72,8.43,85
0.0,0.251,0.0,6.28,3.31,5.72,8.12,85
0.0,0.244,0.0,6.26,3.29,5.57,8.12,85
0.0,0.243,0.0,5.73,2.64,5.01,8.12,86
0.0,0.238,0.0,5.68,2.97,4.45,6.21,83
0.0,0.24,0.0,5.15,2.33,4.45,6.21,84
0.0,0.223,0.017,5.14,2.31,4.45,5.9,84
0.895,0.0,0.325,5.14,2.76,4.45,5.9,81
0.0,0.0,0.268,6.8,4.75,5.9,6.93,76
0.0,0.0,0.273,7.9,6.07,5.9,8.6,73
0.571,0.0,0.564,9.04,6.51,5.9,10.26,66
0.788,0.0,0.397,9.61,7.22,8.43,10.82,64
0.048,0.0,0.383,10.14,8.72,9.54,11.38,58
0.0,0.0,0.432,10.16,8.8,9.54,11.93,60
0.0,0.0,0.391,11.23,9.87,10.1,11.93,56
0.15,0.0,0.307,10.7,9.26,10.1,11.38,55
0.332,0.0,0.061,9.61,7.12,9.59,11.38,58
1.297,0.0,0.0,9.56,7.06,8.72,9.71,62
1.62,0.0,0.0,7.94,5.04,5.9,8.43,62
0.972,0.0,0.0,6.56,6.56,5.72,7.88,69
0.715,0.0,0.0,6.32,6.32,5.72,7.32,69
0.0,0.79,0.0,6.22,6.22,4.72,7.32,78
0.0,0.652,0.0,5.68,5.68,4.72,6.77,81
0.0,0.65,0.0,5.08,5.08,2.72,6.77,83
0.0,1.161,0.0,4.56,4.56,2.72,6.21,85
0.0,0.442,0.0,4.0,2.88,1.72,5.66,87
0.0,0.269,0.0,4.5,3.44,0.72,5.1,86
0.0,0.26,0.0,3.42,2.22,0.72,4.54,87
0.0,0.307,0.0,3.44,2.22,1.68,3.99,88
0.0,0.306,0.0,3.97,2.83,1.68,4.04,86
0.0,0.633,0.021,2.29,0.92,0.9,3.43,76
0.048,0.0,0.309,4.41,4.41,0.9,4.59,81
0.0,0.0,0.326,5.65,5.65,3.43,5.7,76
0.343,0.0,0.733,7.9,7.9,6.12,7.93,71
0.015,0.0,0.809,9.02,8.0,7.57,9.04,70
0.116,0.0,0.589,10.12,8.81,9.23,10.15,62
0.0,0.0,0.272,10.72,9.41,10.57,11.93,60
0.0,0.0,0.292,11.77,10.44,10.72,12.01,55
0.081,0.0,0.457,11.7,10.34,8.99,12.49,54
0.082,0.0,0.326,11.71,10.37,9.54,12.49,55
0.308,0.0,0.048,10.63,9.32,9.54,11.38,60
0.448,0.0,0.0,9.54,8.57,8.72,10.01,63
1.336,0.0,0.0,7.41,6.08,6.72,8.43,63
0.756,0.0,0.0,6.8,6.8,5.72,7.88,74
0.723,0.0,0.0,6.22,6.22,4.72,7.32,78
0.0,0.696,0.0,5.66,5.66,3.72,7.32,78
0.0,1.797,0.0,5.68,5.68,4.72,6.77,80
0.0,2.527,0.0,5.11,5.11,3.72,6.21,81
0.0,2.478,0.0,4.63,4.63,4.45,5.66,82
0.0,2.468,0.0,4.6,4.6,3.34,5.9,84
0.0,0.851,0.0,4.59,4.59,3.34,5.9,85
0.0,0.31,0.0,5.11,5.11,4.54,5.34,84
0.0,0.318,0.0,5.11,5.11,4.54,5.15,83
0.0,0.327,0.0,5.1,5.1,3.34,5.15,84
0.0,0.319,0.0,4.57,4.57,3.34,4.72,86
0.29,0.0,0.022,4.57,4.57,3.34,4.72,88
0.255,0.0,0.083,4.07,4.07,3.04,4.72,90
0.139,0.0,0.178,4.65,4.65,4.23,5.72,91
0.889,0.0,0.208,5.23,3.4,4.71,6.72,91
0.469,0.0,0.176,5.74,4.0,5.7,7.23,90
0.355,0.0,0.205,6.48,4.87,6.26,9.72,88
0.185,0.0,0.139,7.52,5.37,7.37,9.72,88
0.238,0.0,0.071,7.53,5.39,7.37,9.72,90
0.386,0.0,0.035,7.96,5.91,7.93,8.6,89
0.537,0.0,0.0,8.49,7.47,8.12,8.72,90
0.894,0.0,0.0,8.47,7.45,7.79,8.48,91
0.882,0.0,0.0,7.93,6.82,7.57,7.93,91
1.791,0.0,0.0,7.35,5.66,6.72,7.88,91
1.124,0.0,0.0,6.83,5.04,5.9,7.32,89
0.0,0.579,0.0,6.82,5.03,6.12,6.82,89
0.0,0.569,0.0,6.82,5.63,6.68,6.82,87
0.0,0.516,0.0,7.3,6.18,4.23,7.37,86
0.0,0.609,0.0,6.77,5.57,3.68,6.82,85
0.0,0.548,0.0,6.78,5.77,5.57,6.82,84
0.0,0.717,0.0,6.54,5.49,3.12,6.82,84
0.0,0.545,0.0,4.31,2.93,3.12,5.1,85
0.0,0.806,0.0,5.82,5.05,1.87,8.68,84
0.0,0.324,0.0,5.86,5.1,1.87,8.68,84
0.0,0.287,0.032,5.85,5.09,1.87,8.68,84
0.045,0.0,0.282,6.66,5.57,3.12,6.82,80
0.0,0.0,0.332,8.46,7.64,6.12,8.48,76
0.0,0.0,0.333,10.67,9.67,7.79,10.7,72
0.261,0.0,0.656,11.8,10.86,9.79,11.82,70
1.123,0.0,1.07,12.34,11.41,11.72,12.37,68
0.09,0.0,0.675,13.45,12.5,12.72,13.9,63
0.093,0.0,0.722,14.51,13.48,12.72,15.26,56
0.0,0.0,0.52,14.94,13.98,11.21,15.82,57
0.207,0.0,0.374,14.93,13.91,11.21,15.82,55
0.507,0.0,0.051,13.92,13.01,11.21,15.82,63
2.191,0.0,0.0,11.61,10.55,10.34,12.79,66
2.146,0.0,0.0,10.08,8.87,9.23,10.66,66
0.962,0.0,0.0,9.69,9.69,7.57,9.72,81
0.557,0.0,0.0,7.85,7.85,7.01,8.9,81
0.0,0.45,0.0,6.96,6.96,5.9,8.9,81
0.0,0.574,0.0,4.99,3.76,4.72,7.23,81
0.0,0.586,0.0,4.93,3.69,4.72,6.68,81
0.0,0.569,0.0,4.04,2.67,3.72,6.68,81
0.0,0.521,0.0,5.05,3.66,3.68,7.79,80
0.0,0.416,0.0,4.87,3.46,3.12,6.12,80
0.0,0.29,0.0,5.76,4.48,3.68,6.12,80
0.0,0.281,0.0,6.72,5.16,4.23,6.72,72
0.0,0.298,0.0,5.76,4.03,3.68,6.12,72
0.0,1.3,0.04,5.7,3.96,3.12,5.72,72
0.042,0.0,0.307,5.06,3.46,3.04,6.12,51
0.0,0.0,0.288,6.85,5.54,6.82,7.72,60
0.0,0.0,0.306,8.56,7.53,7.01,10.66,58
0.219,0.0,0.498,10.17,8.6,9.71,10.72,52
0.564,0.0,0.915,10.76,9.12,9.79,11.72,47
0.231,0.0,0.496,11.78,10.19,10.66,11.93,45
0.0,0.0,0.306,12.91,11.43,12.01,12.93,45
0.0,0.0,0.285,13.32,11.91,10.66,13.6,46
0.019,0.0,0.267,13.29,11.88,10.66,14.71,46
0.244,0.0,0.054,12.76,11.42,10.66,12.93,51
0.541,0.0,0.0,11.16,9.95,9.23,11.26,62
0.655,0.0,0.0,8.65,7.0,7.72,10.66,66
0.468,0.0,0.0,7.97,6.96,6.72,10.66,72
0.48,0.0,0.0,6.78,5.58,5.34,7.23,72
0.0,0.553,0.0,4.93,3.44,4.72,6.68,72
0.0,0.52,0.0,4.87,2.97,3.68,6.12,75
0.0,0.628,0.0,3.98,1.92,3.12,6.12,75
0.0,0.489,0.0,4.93,3.04,2.57,6.68,75
0.0,0.312,0.0,3.98,1.22,2.01,6.12,50
0.0,0.32,0.0,3.92,1.15,2.01,5.57,50
0.0,0.306,0.0,4.75,2.15,0.9,5.01,50
0.0,0.304,0.0,3.86,2.29,0.9,5.01,50
0.0,0.464,0.0,3.8,2.22,1.45,4.45,50
0.0,1.093,0.046,1.12,-0.87,0.72,4.45,50
0.074,0.0,0.321,4.44,2.95,1.38,4.59,55
0.437,0.0,0.548,6.24,5.03,5.57,6.26,53
0.0,0.0,0.366,6.84,5.72,5.9,8.04,52
0.0,0.0,0.29,7.73,6.44,7.37,9.15,50
0.0,0.0,0.305,9.14,8.09,9.04,10.66,44
0.0,0.0,0.301,10.7,8.95,10.34,11.12,43
0.0,0.0,0.288,11.27,9.58,9.54,13.04,43
0.0,0.0,0.298,11.34,9.55,10.1,13.6,39
0.009,0.0,0.268,12.29,10.59,10.66,12.37,39
0.226,0.0,0.06,11.83,10.11,9.79,13.6,40
0.567,0.0,0.0,11.26,9.62,10.66,11.72,45
0.529,0.0,0.0,8.21,6.85,6.93,9.54,36
0.921,0.0,0.0,8.99,8.99,6.45,9.54,42
1.635,0.0,0.0,7.41,7.41,5.9,8.43,42
0.0,0.66,0.0,7.17,7.17,4.79,7.88,42
0.0,0.573,0.0,6.32,5.49,4.23,7.32,48
0.0,0.527,0.0,4.41,3.31,2.72,6.77,48
0.0,0.572,0.0,4.74,3.69,3.72,6.21,48
0.0,0.309,0.0,5.32,3.77,2.57,6.21,54
0.0,0.308,0.0,5.08,3.49,2.01,5.66,54
0.0,0.285,0.0,5.04,3.45,0.9,5.66,54
0.0,0.302,0.0,4.27,2.56,0.9,5.1,61
0.0,0.297,0.0,3.09,1.19,1.45,5.1,61
0.0,0.901,0.05,2.27,0.23,0.72,4.54,61
0.862,0.0,0.347,1.81,-0.09,0.26,4.45,50
0.0,0.0,0.289,6.17,4.95,4.54,6.26,62
0.0,0.0,0.306,7.81,6.84,5.66,7.93,54
0.0,0.0,0.401,9.54,9.06,8.34,9.71,49
0.491,0.0,0.712,10.13,8.48,9.72,10.34,49
0.0,0.0,0.31,11.25,9.61,10.72,11.93,45
0.0,0.0,0.283,11.7,10.02,8.99,12.49,42
0.0,0.0,0.289,12.24,10.62,9.54,14.15,42
0.112,0.0,0.221,12.75,11.23,9.54,14.15,44
0.244,0.0,0.104,11.72,10.33,9.23,13.04,53
0.401,0.0,0.001,10.62,9.36,8.68,10.82,62
1.437,0.0,0.0,8.12,6.05,7.72,8.99,57
0.778,0.0,0.0,7.37,7.37,6.45,8.43,75
0.69,0.0,0.0,5.99,5.99,4.72,7.88,75
0.0,0.589,0.0,5.79,5.79,4.23,7.32,75
0.0,0.439,0.0,4.98,3.74,3.68,6.77,79
0.0,0.492,0.0,4.94,3.69,2.57,6.77,79
0.0,0.481,0.0,4.09,2.71,2.57,6.21,79
0.0,0.334,0.0,4.43,3.18,2.01,5.66,77
0.0,0.285,0.0,3.66,2.3,1.45,5.1,77
0.0,0.294,0.0,3.42,2.02,0.9,4.54,77
0.0,0.295,0.0,3.26,1.66,0.34,3.99,76
0.0,0.289,0.0,3.22,1.61,0.34,3.99,76
0.0,1.303,0.065,2.98,1.34,-0.21,3.43,76
0.901,0.0,0.378,5.51,4.63,1.38,5.7,65
0.21,0.0,0.438,7.88,7.33,4.71,7.93,59
0.282,0.0,0.65,10.12,8.6,6.93,10.15,54
0.0,0.0,0.439,10.97,9.43,9.71,11.26,50
0.0,0.0,0.31,12.38,10.85,11.12,12.72,45
0.0,0.0,0.303,13.45,12.0,12.72,13.6,44
0.0,0.0,0.295,14.0,12.5,12.72,15.26,40
0.0,0.0,0.305,15.03,13.58,12.72,15.26,38
0.007,0.0,0.265,14.93,13.37,11.21,15.82,34
0.223,0.0,0.065,13.85,12.23,11.21,14.23,36
1.064,0.0,0.0,12.24,11.01,10.1,12.37,57
2.155,0.0,0.0,9.57,8.31,8.72,9.59,67
0.72,0.0,0.0,7.65,7.65,6.72,8.99,66
1.813,0.0,0.0,7.94,7.94,7.57,8.43,73
0.0,2.472,0.0,7.82,7.82,5.72,7.93,74
0.0,0.857,0.0,7.24,7.24,4.72,7.37,76
0.0,0.557,0.0,6.71,6.71,4.72,6.82,77
0.0,0.487,0.0,7.2,7.2,4.72,7.37,76
0.0,0.379,0.0,7.19,6.25,4.72,7.37,75
0.0,0.348,0.0,6.51,5.47,3.34,6.82,75
0.0,0.298,0.0,6.22,5.14,1.72,6.82,70
0.0,0.294,0.0,5.97,5.25,1.72,6.26,73
0.0,0.302,0.0,3.14,2.05,2.23,4.79,66
0.0,1.119,0.048,4.15,3.19,1.99,7.31,66
0.092,0.0,0.326,3.63,3.63,2.79,3.72,53
0.0,0.0,0.281,9.51,9.51,5.57,9.59,66
0.274,0.0,0.644,10.92,9.61,8.34,11.26,59
0.609,0.0,0.861,11.81,10.67,11.12,11.82,62
0.503,0.0,0.895,13.43,12.29,12.49,14.23,56
0.0,0.0,0.297,14.51,13.27,12.72,15.34,48
0.26,0.0,0.526,15.14,13.83,10.66,16.93,43
0.139,0.0,0.416,14.91,13.55,11.21,16.93,42
0.096,0.0,0.304,15.44,14.29,11.77,15.9,48
0.326,0.0,0.07,12.84,11.64,11.21,14.15,56
0.431,0.0,0.0,11.78,10.5,10.66,11.82,57
1.144,0.0,0.0,9.16,7.84,8.72,10.1,53
0.747,0.0,0.0,8.46,8.46,7.72,9.79,64
1.34,0.0,0.0,8.26,8.26,7.72,8.99,64
0.0,1.657,0.0,7.61,7.61,6.45,8.99,64
0.0,0.577,0.0,7.41,6.6,5.9,8.43,66
0.0,0.677,0.0,7.82,7.07,5.72,7.93,73
0.0,0.42,0.0,6.36,5.4,5.72,7.32,66
0.0,0.343,0.0,5.59,4.74,4.72,6.77,66
0.0,0.364,0.0,4.21,3.17,2.72,6.21,66
0.0,0.332,0.0,3.97,2.9,2.72,5.9,66
0.0,0.397,0.0,5.23,3.77,4.72,7.23,63
0.0,0.34,0.0,7.72,6.66,5.9,8.72,63
0.0,1.427,0.073,6.81,5.6,3.68,7.79,63
0.139,0.0,0.335,7.73,7.03,4.23,8.9,49
0.0,0.0,0.389,10.59,9.09,7.01,10.72,53
0.0,0.0,0.353,12.37,10.97,10.9,12.72,50
0.39,0.0,0.783,14.32,13.01,13.6,14.72,46
0.062,0.0,0.874,15.7,14.42,15.01,16.45,42
0.0,0.0,0.317,16.47,15.19,14.72,17.49,39
0.0,0.0,0.312,17.11,15.79,13.43,18.12,35
0.379,0.0,0.368,18.17,16.9,13.99,18.6,33
0.347,0.0,0.337,17.6,16.25,13.72,18.12,32
0.413,0.0,0.065,16.56,15.11,13.43,17.01,32
1.175,0.0,0.0,13.97,12.83,11.72,14.71,54
0.698,0.0,0.0,11.23,9.84,10.72,12.32,55
0.577,0.0,0.0,9.69,9.69,8.72,11.77,62
0.575,0.0,0.0,9.74,9.74,8.72,11.21,62
0.0,0.696,0.0,10.08,8.76,8.68,10.66,62
0.0,0.626,0.0,9.27,8.58,7.57,10.1,57
0.0,0.617,0.0,9.31,8.63,6.45,10.1,57
0.0,0.462,0.0,10.14,8.72,9.45,10.15,58
0.0,0.298,0.0,10.13,8.74,8.9,10.15,59
0.0,1.153,0.0,10.66,9.3,9.45,10.7,58
0.0,1.417,0.0,9.59,8.51,9.45,9.72,71
0.0,1.309,0.0,9.06,7.38,9.04,10.01,77
0.0,1.502,0.0,9.33,7.7,9.04,9.72,77
0.0,0.319,0.0,9.59,8.01,8.34,9.72,75
0.363,0.0,0.031,8.5,6.31,7.79,8.99,85
0.219,0.0,0.116,8.53,6.34,7.49,9.72,89
0.978,0.0,0.177,9.15,7.1,9.04,10.72,86
1.773,0.0,0.178,10.26,9.48,9.79,11.72,82
1.795,0.0,0.12,10.69,9.93,10.1,10.82,81
0.507,0.0,0.087,10.17,9.49,9.71,10.72,86
0.29,0.0,0.064,9.74,9.24,9.59,11.72,91
0.743,0.0,0.079,9.64,9.13,9.59,10.66,89
0.351,0.0,0.073,10.19,9.59,10.01,10.72,89
2.07,0.0,0.061,10.18,9.58,9.71,10.72,89
1.661,0.0,0.001,9.65,8.67,9.15,10.72,91
2.357,0.0,0.0,9.65,8.67,9.45,10.72,92
2.359,0.0,0.0,9.65,8.92,9.45,10.72,92
0.949,0.0,0.0,9.66,8.93,9.23,10.72,93
0.0,0.502,0.0,9.66,8.93,9.23,10.72,93
0.0,0.578,0.0,9.72,8.25,9.23,11.72,93
0.0,0.695,0.0,9.72,8.25,9.23,11.72,93
0.0,2.499,0.0,10.22,9.75,9.23,11.72,94
0.0,0.755,0.0,10.22,9.73,9.23,11.72,93
0.0,0.371,0.0,10.74,10.32,9.23,11.72,94
0.0,0.237,0.0,10.68,10.26,9.79,10.72,94
0.0,0.272,0.0,10.72,10.28,10.01,11.72,93
0.0,0.296,0.0,10.68,10.23,10.01,10.72,93
0.0,1.144,0.016,10.68,10.26,10.1,10.7,94
0.36,0.0,0.17,10.75,10.34,10.66,11.72,94
0.127,0.0,0.158,11.83,11.52,10.66,12.72,94
0.209,0.0,0.137,11.84,11.53,10.26,14.23,94
0.6,0.0,0.203,12.45,12.21,12.32,14.79,94
1.025,0.0,0.42,13.04,12.85,12.88,14.79,94
0.08,0.0,0.197,14.05,13.97,13.43,14.72,94
0.074,0.0,0.219,14.03,13.92,13.43,15.26,93
0.078,0.0,0.204,14.07,13.96,13.43,15.26,93
0.216,0.0,0.085,14.08,13.97,13.43,15.26,93
0.308,0.0,0.03,14.06,13.95,13.43,14.72,93
0.635,0.0,0.0,13.49,13.3,13.34,13.72,92
1.323,0.0,0.0,12.93,12.71,12.79,13.12,93
1.263,0.0,0.0,12.93,12.71,12.79,13.12,93
0.588,0.0,0.0,12.93,12.73,12.57,12.93,94
0.0,0.529,0.0,12.91,12.71,12.23,12.93,94
0.0,0.562,0.0,12.9,12.7,11.68,12.93,94
0.0,0.532,0.0,12.38,12.13,12.32,12.72,94
0.0,0.301,0.0,11.86,11.56,11.12,12.72,94
0.0,0.283,0.0,11.82,11.51,11.68,12.01,94
0.0,0.306,0.0,11.3,10.94,11.26,12.01,94
0.0,0.314,0.0,11.34,11.01,11.26,12.72,95
0.0,0.321,0.0,11.34,10.98,11.26,12.72,94
0.0,0.302,0.0,10.83,10.42,10.7,12.72,94
0.0,0.882,0.012,11.29,10.93,10.9,11.77,94
0.109,0.0,0.161,11.26,10.92,10.9,11.26,95
1.216,0.0,0.449,11.41,11.06,11.26,13.72,94
0.791,0.0,0.384,12.38,12.15,12.23,13.04,95
0.013,0.0,0.265,12.41,12.13,12.37,13.6,93
0.0,0.0,0.291,13.11,12.93,12.93,15.72,94
0.0,0.0,0.297,14.56,14.32,13.6,14.72,86
0.007,0.0,0.276,14.33,14.06,13.9,15.34,86
0.068,0.0,0.205,14.56,14.19,13.72,15.34,81
0.087,0.0,0.202,14.59,14.17,13.99,15.26,79
0.287,0.0,0.044,14.62,14.17,13.68,15.82,78
1.181,0.0,0.0,14.06,13.64,13.12,15.26,81
2.412,0.0,0.0,14.03,13.58,13.72,14.04,80
0.747,0.0,0.0,14.05,13.57,13.12,14.72,79
1.643,0.0,0.0,13.47,13.01,12.79,13.48,82
0.0,1.05,0.0,12.98,12.63,12.23,13.72,88
0.0,0.588,0.0,12.98,12.74,12.93,13.72,92
0.0,0.466,0.0,14.01,13.92,13.43,14.23,94
0.0,0.415,0.0,14.51,14.47,13.34,14.79,94
0.0,0.358,0.0,14.0,13.91,13.34,14.23,94
0.0,0.335,0.0,14.0,13.91,13.34,14.79,94
0.0,0.284,0.0,13.99,13.9,12.88,14.79,94
0.0,0.305,0.0,14.0,13.91,13.34,14.79,94
0.0,0.31,0.0,14.01,13.92,13.43,14.79,94
0.0,1.189,0.0,14.51,14.47,13.43,14.79,94
1.408,0.0,0.005,14.56,14.53,13.43,14.79,94
0.328,0.0,0.017,15.07,15.09,13.43,15.34,94
0.287,0.0,0.048,14.58,14.55,13.99,15.34,94
0.212,0.0,0.084,15.09,15.11,13.9,15.9,94
0.193,0.0,0.161,15.11,15.13,13.99,16.45,94
0.154,0.0,0.16,15.6,15.67,13.99,17.57,94
0.09,0.0,0.194,15.12,15.14,13.9,15.15,94
0.21,0.0,0.193,15.09,15.11,13.9,16.45,94
1.009,0.0,0.077,15.09,15.11,13.9,15.9,94
0.334,0.0,0.024,15.09,15.11,13.99,15.34,94
0.449,0.0,0.0,15.09,15.11,13.99,15.15,94
2.179,0.0,0.0,14.58,14.55,13.99,14.72,94
0.879,0.0,0.0,14.57,14.54,13.9,14.72,94
0.637,0.0,0.0,14.58,14.55,13.99,14.72,94
0.0,0.765,0.0,14.57,14.54,13.68,14.72,94
0.0,0.784,0.0,14.57,14.54,13.68,14.72,94
0.0,0.731,0.0,14.04,13.95,13.68,14.04,94
0.0,0.69,0.0,13.5,13.36,13.12,13.99,94
0.0,0.619,0.0,13.49,13.35,13.12,13.72,94
0.0,0.481,0.0,13.55,13.44,12.79,13.72,95
0.0,0.452,0.0,13.49,13.35,13.43,13.72,94
0.0,0.459,0.0,13.55,13.39,12.79,13.72,93
0.0,0.466,0.0,12.93,12.73,12.79,13.12,94
0.0,1.001,0.0,12.97,12.78,12.88,13.72,94
1.355,0.0,0.023,13.49,13.32,13.34,13.72,93
0.231,0.0,0.0,13.49,13.3,13.12,13.9,92
0.159,0.0,0.067,14.05,13.97,13.34,14.72,94
1.337,0.0,0.287,14.36,14.15,12.57,14.72,88
0.631,0.0,0.258,12.03,11.74,11.82,14.72,94
0.0,0.0,0.236,14.14,14.06,14.04,15.72,94
0.0,0.0,0.273,14.69,14.64,14.23,16.72,93
0.547,0.0,0.328,14.72,14.62,13.68,16.72,91
0.128,0.0,0.163,15.7,15.6,14.23,15.72,87
0.272,0.0,0.073,15.17,15.04,14.23,15.72,88
0.528,0.0,0.001,14.61,14.48,13.12,15.1,90
0.507,0.0,0.0,14.08,13.92,13.12,14.72,91
0.596,0.0,0.0,14.04,13.93,13.72,14.54,93
0.846,0.0,0.0,13.5,13.33,12.57,13.99,93
0.0,0.833,0.0,13.5,13.36,12.57,13.99,94
0.0,0.636,0.0,13.5,13.36,13.12,13.99,94
0.0,0.816,0.0,13.49,13.35,13.12,13.72,94
0.0,0.534,0.0,12.98,12.79,12.93,13.72,94
0.0,0.486,0.0,12.98,12.79,12.79,13.72,94
0.0,0.303,0.0,12.98,12.79,12.79,13.72,94
0.0,0.26,0.0,12.98,12.79,12.79,13.72,94
0.0,0.245,0.0,12.98,12.81,12.23,13.72,95
0.0,0.237,0.0,12.98,12.81,12.01,13.72,95
0.0,0.965,0.011,12.46,12.22,12.37,13.72,94
0.234,0.0,0.077,12.98,12.81,12.79,13.72,95
0.222,0.0,0.224,13.53,13.39,13.34,14.72,94
1.14,0.0,0.188,14.59,14.56,14.45,14.79,94
0.863,0.0,0.266,14.64,14.59,14.45,15.72,93
0.009,0.0,0.351,15.19,15.19,15.01,15.9,93
0.006,0.0,0.32,15.7,15.68,15.01,15.72,90
0.164,0.0,0.248,15.7,15.55,15.01,15.72,85
0.213,0.0,0.209,15.7,15.57,15.01,16.45,86
0.122,0.0,0.144,15.6,15.41,13.72,16.45,84
0.218,0.0,0.049,14.56,14.47,13.34,15.9,92
0.377,0.0,0.0,14.05,13.94,13.72,15.34,93
0.576,0.0,0.0,14.04,13.95,13.34,14.79,94
0.495,0.0,0.0,14.04,13.95,13.34,14.54,94
0.497,0.0,0.0,14.54,14.5,13.34,14.59,94
0.0,0.564,0.0,14.54,14.5,13.72,14.59,94
0.0,0.577,0.0,14.54,14.5,13.72,14.59,94
0.0,0.543,0.0,14.59,14.56,14.54,14.79,94
0.0,0.283,0.0,15.11,15.13,14.45,15.34,94
0.0,0.368,0.0,15.11,15.13,14.45,15.15,94
0.0,0.299,0.0,14.59,14.59,14.54,14.79,95
0.0,0.242,0.0,14.59,14.56,13.9,14.72,94
0.0,0.255,0.0,14.59,14.59,13.9,14.72,95
0.0,0.246,0.0,14.59,14.59,13.9,14.72,95
0.0,0.239,0.002,14.59,14.59,14.23,14.72,95
0.714,0.0,0.161,14.59,14.56,14.45,14.79,94
0.92,0.0,0.189,15.11,15.13,14.54,15.15,94
0.102,0.0,0.2,15.18,15.21,14.79,15.72,94
0.013,0.0,0.25,15.2,15.23,15.15,16.12,94
0.0,0.0,0.259,15.19,15.22,15.15,15.9,94
0.015,0.0,0.261,15.7,15.75,15.57,15.9,93
0.363,0.0,0.339,16.23,16.23,15.57,16.26,89
0.163,0.0,0.264,16.74,16.66,15.34,16.82,84
1.738,0.0,0.162,16.74,16.69,15.34,16.82,85
0.476,0.0,0.018,16.23,16.18,14.79,16.26,87
0.394,0.0,0.0,15.65,15.62,14.72,15.7,90
0.485,0.0,0.0,15.65,15.65,14.72,15.7,91
0.467,0.0,0.0,15.14,15.11,14.45,15.66,92
0.417,0.0,0.0,15.14,15.14,14.45,15.66,93
0.0,0.845,0.0,15.12,15.12,14.45,15.15,93
0.0,1.893,0.0,14.56,14.5,13.72,15.1,93
0.0,0.56,0.0,13.99,13.9,12.72,14.54,94
0.0,0.546,0.0,13.47,13.33,12.72,14.54,94
0.0,0.548,0.0,13.46,13.32,12.72,14.23,94
0.0,0.555,0.0,13.46,13.32,12.72,13.99,94
0.0,0.48,0.0,13.91,13.81,11.72,14.04,94
0.0,0.243,0.0,13.91,13.81,11.72,14.04,94
0.0,0.255,0.0,13.94,13.84,12.23,14.04,94
0.0,0.145,0.108,13.37,13.22,11.68,13.48,94
0.007,0.0,0.253,13.92,13.82,12.23,14.04,94
0.483,0.0,0.412,14.5,14.41,12.88,14.59,92
0.011,0.0,0.286,16.64,16.55,13.99,17.01,84
0.638,0.0,0.454,17.22,17.06,15.1,18.12,79
1.063,0.0,0.541,17.31,17.16,16.21,18.68,79
0.435,0.0,0.529,18.35,18.28,16.72,18.48,78
0.325,0.0,0.519,18.39,18.19,16.77,19.79,73
0.0,0.0,0.333,19.02,18.83,18.34,19.23,71
0.03,0.0,0.294,19.96,19.79,17.72,20.15,68
0.869,0.0,0.107,18.87,18.67,16.72,19.04,71
0.696,0.0,0.007,17.27,16.98,15.72,17.57,74
1.031,0.0,0.0,15.62,15.33,13.72,16.21,80
1.557,0.0,0.0,14.58,14.26,13.72,15.66,83
0.969,0.0,0.0,14.51,14.18,12.72,15.1,83
0.0,0.551,0.0,13.99,13.66,12.72,14.54,85
0.0,0.612,0.0,13.49,13.06,13.12,13.99,83
0.0,0.783,0.0,13.96,13.6,12.72,14.04,84
0.0,0.515,0.0,12.98,12.55,12.72,13.43,85
0.0,0.281,0.0,13.55,13.18,12.79,13.72,85
0.0,0.274,0.0,13.55,13.18,12.79,14.23,85
0.0,0.36,0.0,13.55,13.18,12.79,14.23,85
0.0,0.282,0.0,13.55,13.26,12.79,14.23,88
0.0,0.292,0.0,12.98,12.68,12.93,13.72,90
0.0,1.184,0.008,13.49,13.3,13.34,13.72,92
0.297,0.0,0.101,14.0,13.91,13.34,14.04,94
0.009,0.0,0.236,14.04,13.93,13.9,14.23,93
0.0,0.0,0.239,14.58,14.29,13.99,14.72,84
0.003,0.0,0.238,14.59,14.3,14.23,14.59,84
0.682,0.0,0.386,15.13,14.79,14.23,15.15,80
0.0,0.0,0.248,15.13,14.81,14.45,15.15,81
0.0,0.0,0.244,12.62,12.34,12.37,15.72,92
0.0,0.0,0.239,14.66,14.19,13.12,15.72,77
0.065,0.0,0.171,15.68,15.13,13.68,15.72,70
0.154,0.0,0.086,14.59,14.01,13.68,14.72,73
1.801,0.0,0.003,13.57,12.86,12.57,14.72,72
1.943,0.0,0.0,12.44,11.96,12.01,13.99,85
0.531,0.0,0.0,11.89,11.38,11.68,12.88,86
0.635,0.0,0.0,11.35,10.86,9.71,12.88,89
0.0,0.481,0.0,11.36,10.93,10.82,12.88,91
0.0,0.434,0.0,10.84,10.38,10.7,12.72,92
0.0,0.363,0.0,10.77,10.28,10.26,11.77,91
0.0,0.307,0.0,10.26,9.74,9.71,11.77,92
0.0,0.251,0.0,9.58,9.58,8.6,10.34,92
0.0,0.246,0.0,9.61,9.61,8.04,11.21,93
0.0,0.244,0.0,9.54,9.54,7.49,10.66,93
0.0,0.246,0.0,9.47,9.47,6.93,10.1,93
0.0,0.246,0.0,9.51,9.51,7.72,10.1,93
0.0,0.481,0.064,9.54,9.54,8.12,9.59,93
0.283,0.0,0.253,10.06,9.58,8.68,10.15,94
0.588,0.0,0.433,10.7,10.25,9.15,12.01,93
0.56,0.0,0.545,12.14,11.76,11.21,14.23,90
0.0,0.0,0.254,13.46,12.95,12.32,14.79,80
0.0,0.0,0.246,15.43,14.8,15.01,15.72,68
0.0,0.0,0.249,15.61,14.95,13.99,16.45,66
0.0,0.0,0.251,15.69,15.06,14.54,16.93,67
0.0,0.0,0.24,16.25,15.63,15.72,17.01,65
0.0,0.0,0.238,16.67,16.06,14.54,17.49,64
0.111,0.0,0.123,15.63,14.92,14.72,15.7,64
0.311,0.0,0.004,15.06,14.42,13.72,15.15,69
0.329,0.0,0.0,13.1,12.27,12.72,13.6,69
0.401,0.0,0.0,12.3,11.83,10.72,12.88,86
0.67,0.0,0.0,11.77,11.3,10.26,12.88,88
0.0,0.558,0.0,10.68,10.13,9.15,12.32,89
0.0,0.569,0.0,10.65,10.15,8.6,11.77,91
0.0,0.502,0.0,7.6,6.1,1.0,18.4,92
0.0,0.504,0.0,6.7,4.8,1.0,18.4,94
0.0,0.494,0.0,5.8,3.7,1.0,18.4,94
0.0,0.495,0.0,5.2,3.1,1.0,18.4,94
0.0,0.349,0.0,4.5,2.5,1.0,18.4,95
0.0,0.337,0.0,3.9,1.8,1.0,18.4,96
0.0,0.275,0.0,3.4,1.2,1.0,18.4,96
0.0,0.37,0.161,3.2,1.0,1.0,18.4,95
0.65,0.0,0.325,6.1,3.9,1.0,18.4,89
0.0,0.0,0.257,10.4,9.2,1.0,18.4,83
0.0,0.0,0.252,13.8,13.0,1.0,18.4,72
0.0,0.0,0.253,16.3,15.6,1.0,18.4,63
0.0,0.0,0.255,17.8,17.2,1.0,18.4,54
0.0,0.0,0.25,19.0,18.2,1.0,18.4,48
0.0,0.0,0.247,19.4,18.3,1.0,18.4,47
0.0,0.0,0.246,19.5,18.4,1.0,18.4,49
0.0,0.0,0.245,19.5,18.3,1.0,18.4,53
0.15,0.0,0.088,17.8,16.3,1.0,18.4,62
0.687,0.0,0.003,14.1,12.6,1.0,18.4,70
1.536,0.0,0.0,13.0,11.8,1.0,18.4,67
0.791,0.0,0.0,9.7,8.3,1.0,18.4,85
0.626,0.0,0.0,9.0,7.3,1.0,18.4,88
0.0,0.646,0.0,8.4,6.7,1.0,18.4,89
0.0,0.491,0.0,10.9,9.9,1.0,18.4,81
0.0,0.704,0.0,9.7,8.3,3.8,15.4,85
0.0,2.672,0.0,7.6,6.0,3.8,15.4,92
0.0,0.914,0.0,7.0,5.1,3.8,15.4,93
0.0,0.26,0.0,6.5,4.6,3.8,15.4,93
0.0,0.24,0.0,7.0,5.1,3.8,15.4,92
0.0,0.236,0.0,7.3,5.2,3.8,15.4,91
0.0,0.235,0.0,6.3,3.8,3.8,15.4,92
0.0,1.145,0.097,6.9,4.8,3.8,15.4,92
0.631,0.0,0.191,9.3,7.8,3.8,15.4,87
0.015,0.0,0.244,11.9,10.9,3.8,15.4,82
0.0,0.0,0.261,13.9,12.5,3.8,15.4,76
0.965,0.0,0.554,15.5,14.0,3.8,15.4,69
0.12,0.0,0.353,17.0,15.2,3.8,15.4,61
0.124,0.0,0.257,17.6,15.4,3.8,15.4,57
0.085,0.0,0.237,16.7,14.2,3.8,15.4,60
0.094,0.0,0.223,15.3,13.5,3.8,15.4,75
0.162,0.0,0.166,13.7,12.2,3.8,15.4,84
0.783,0.0,0.021,12.8,11.8,3.8,15.4,89
0.955,0.0,0.003,12.2,11.1,3.8,15.4,91
0.964,0.0,0.0,11.9,10.9,3.8,15.4,93
0.559,0.0,0.0,11.6,10.1,3.8,15.4,96
0.668,0.0,0.0,11.9,10.8,3.8,15.4,96
0.0,0.642,0.0,11.6,10.7,3.8,15.4,98
0.0,0.711,0.0,11.0,9.9,3.8,15.4,91
0.0,0.539,0.0,10.5,8.8,7.3,10.8,94
0.0,0.323,0.0,10.8,8.4,7.3,10.8,94
0.0,0.254,0.0,11.1,9.3,7.3,10.8,91
0.0,0.251,0.0,10.7,8.5,7.3,10.8,96
0.0,0.247,0.0,10.5,8.0,7.3,10.8,92
0.0,0.247,0.0,10.5,7.7,7.3,10.8,92
0.0,0.245,0.0,10.1,7.4,7.3,10.8,93
0.0,0.88,0.054,10.3,8.1,7.3,10.8,93
1.208,0.0,0.111,10.5,7.3,7.3,10.8,92
0.06,0.0,0.293,10.9,7.8,7.3,10.8,93
0.0,0.0,0.373,11.7,8.6,7.3,10.8,87
0.0,0.0,0.356,12.2,9.6,7.3,10.8,88
0.0,0.0,0.361,12.7,9.0,7.3,10.8,78
0.0,0.0,0.315,14.0,10.8,7.3,10.8,76
0.046,0.0,0.301,13.1,10.0,7.3,10.8,80
0.126,0.0,0.201,11.7,9.0,7.3,10.8,86
0.132,0.0,0.174,12.0,9.2,7.3,10.8,85
1.279,0.0,0.045,11.6,9.2,7.3,10.8,84
2.048,0.0,0.006,11.3,9.0,7.3,10.8,85
1.119,0.0,0.0,10.0,7.8,7.3,10.8,89
0.492,0.0,0.0,9.9,8.3,7.3,10.8,89
0.45,0.0,0.0,9.7,8.2,7.3,10.8,90
0.0,0.8,0.0,9.0,7.6,7.3,10.8,93
0.0,0.563,0.0,9.0,7.5,7.3,10.8,93
0.0,0.496,0.0,9.0,7.5,5.0,12.7,90
0.0,0.495,0.0,9.3,7.9,5.0,12.7,88
0.0,0.43,0.0,9.9,8.3,5.0,12.7,90
0.0,0.367,0.0,10.0,8.6,5.0,12.7,92
0.0,0.275,0.0,10.0,8.5,5.0,12.7,95
0.0,0.282,0.0,10.1,9.0,5.0,12.7,93
0.0,0.311,0.0,9.9,8.7,5.0,12.7,94
0.0,0.251,0.019,9.8,8.7,5.0,12.7,94
0.572,0.0,0.131,10.5,9.4,5.0,12.7,95
0.0,0.0,0.257,11.8,10.5,5.0,12.7,87
0.668,0.0,0.321,12.2,11.1,5.0,12.7,88
0.035,0.0,0.251,13.6,12.0,5.0,12.7,80
0.0,0.0,0.251,14.1,12.3,5.0,12.7,77
0.0,0.0,0.255,14.3,12.3,5.0,12.7,75
0.0,0.0,0.323,14.8,12.5,5.0,12.7,72
0.755,0.0,0.428,15.3,12.7,5.0,12.7,69
0.725,0.0,0.474,14.9,12.2,5.0,12.7,71
0.263,0.0,0.203,14.3,11.8,5.0,12.7,71
0.714,0.0,0.022,13.5,11.7,5.0,12.7,75
1.288,0.0,0.0,11.1,9.7,5.0,12.7,87
0.739,0.0,0.0,9.9,8.5,5.0,12.7,91
0.512,0.0,0.0,9.2,7.7,5.0,12.7,93
0.0,1.377,0.0,7.7,5.8,5.0,12.7,95
0.0,1.483,0.0,7.1,5.0,5.0,12.7,96
0.0,0.641,0.0,6.9,4.7,2.5,17.4,98
0.0,0.38,0.0,6.9,5.1,2.5,17.4,98
0.0,0.317,0.0,6.9,5.1,2.5,17.4,97
0.0,0.362,0.0,6.3,4.2,2.5,17.4,98
0.0,0.305,0.0,6.0,4.0,2.5,17.4,98
0.0,0.302,0.0,5.6,3.6,2.5,17.4,98
0.0,0.344,0.0,4.6,2.5,2.5,17.4,98
0.0,0.297,0.069,5.4,3.7,2.5,17.4,98
0.056,0.0,0.241,6.7,5.0,2.5,17.4,95
0.29,0.0,0.488,9.1,8.0,2.5,17.4,92
0.039,0.0,0.6,12.2,11.6,2.5,17.4,78
0.904,0.0,0.952,14.1,14.0,2.5,17.4,68
0.282,0.0,0.862,15.4,15.4,2.5,17.4,58
0.141,0.0,0.775,16.6,16.3,2.5,17.4,55
0.0,0.0,0.434,17.3,17.3,2.5,17.4,53
0.357,0.0,0.644,17.8,17.4,2.5,17.4,53
0.584,0.0,0.399,17.6,16.3,2.5,17.4,56
1.051,0.0,0.109,16.5,15.0,2.5,17.4,63
0.551,0.0,0.006,14.6,13.7,2.5,17.4,77
1.019,0.0,0.0,10.8,9.7,2.5,17.4,90
0.523,0.0,0.0,11.6,10.9,2.5,17.4,86
1.073,0.0,0.0,11.1,10.5,2.5,17.4,88
0.0,0.985,0.0,10.9,10.0,2.5,17.4,88
0.0,0.518,0.0,10.3,9.2,2.5,17.4,88
0.0,0.531,0.0,8.9,7.9,2.3,18.5,91
0.0,0.488,0.0,6.6,4.8,2.3,18.5,94
0.0,0.324,0.0,5.9,4.0,2.3,18.5,93
0.0,0.311,0.0,5.6,3.5,2.3,18.5,93
0.0,0.284,0.0,5.5,3.3,2.3,18.5,92
0.0,0.294,0.0,5.6,3.4,2.3,18.5,91
0.0,0.297,0.001,4.8,2.3,2.3,18.5,92
0.0,1.112,0.178,6.8,5.2,2.3,18.5,84
0.0,0.0,0.26,8.0,6.7,2.3,18.5,85
0.0,0.0,0.232,11.1,10.1,2.3,18.5,79
0.0,0.0,0.233,14.1,13.5,2.3,18.5,70
0.288,0.0,0.46,16.3,16.0,2.3,18.5,67
0.378,0.0,0.492,18.5,17.9,2.3,18.5,55
0.0,0.0,0.24,19.1,18.5,2.3,18.5,54
0.0,0.0,0.237,19.0,18.1,2.3,18.5,56
0.0,0.0,0.236,18.0,17.0,2.3,18.5,63
0.0,0.0,0.229,16.6,15.0,2.3,18.5,68
0.144,0.0,0.099,14.9,13.0,2.3,18.5,70
1.223,0.0,0.002,13.2,11.9,2.3,18.5,76
0.502,0.0,0.0,10.2,8.8,2.3,18.5,86
0.712,0.0,0.0,8.6,7.0,2.3,18.5,92
1.75,0.0,0.0,7.9,6.1,2.3,18.5,93
0.0,0.637,0.0,9.0,7.7,2.3,18.5,91
0.0,0.484,0.0,9.3,8.2,2.3,18.5,91
0.0,0.531,0.0,9.0,8.2,6.4,16.4,93
0.0,0.521,0.0,7.8,6.4,6.4,16.4,96
0.0,0.539,0.0,8.9,7.8,6.4,16.4,93
0.0,0.248,0.0,9.3,8.4,6.4,16.4,93
0.0,0.243,0.0,9.5,8.5,6.4,16.4,92
0.0,0.242,0.0,9.5,8.6,6.4,16.4,92
0.0,0.244,0.0,9.3,8.3,6.4,16.4,93
0.0,1.468,0.114,9.6,8.3,6.4,16.4,92
0.037,0.0,0.247,10.2,9.3,6.4,16.4,90
0.738,0.0,0.442,11.4,11.1,6.4,16.4,88
0.0,0.0,0.425,12.9,12.8,6.4,16.4,84
0.0,0.0,0.25,14.4,14.0,6.4,16.4,75
0.0,0.0,0.246,15.2,14.7,6.4,16.4,67
0.0,0.0,0.241,16.2,16.3,6.4,16.4,62
0.0,0.0,0.245,16.7,16.4,6.4,16.4,62
0.0,0.0,0.247,16.8,16.4,6.4,16.4,64
0.0,0.0,0.243,16.4,15.1,6.4,16.4,69
0.154,0.0,0.104,15.1,13.6,6.4,16.4,74
1.368,0.0,0.005,13.4,12.0,6.4,16.4,81
2.282,0.0,0.0,10.6,9.7,6.4,16.4,93
0.571,0.0,0.0,9.8,8.7,6.4,16.4,93
0.617,0.0,0.0,8.3,6.9,6.4,16.4,97
0.0,1.269,0.0,8.0,6.7,6.4,16.4,99
0.0,0.599,0.0,9.2,8.5,6.4,16.4,98
0.0,0.59,0.0,8.8,7.6,7.6,12.5,97
0.0,0.527,0.0,9.1,8.1,7.6,12.5,97
0.0,0.523,0.0,8.9,7.9,7.6,12.5,98
0.0,0.356,0.0,9.0,8.1,7.6,12.5,97
0.0,0.253,0.0,8.8,7.8,7.6,12.5,96
0.0,0.246,0.0,9.0,7.9,7.6,12.5,94
0.0,0.25,0.0,9.3,7.7,7.6,12.5,90
0.0,1.169,0.123,9.1,7.6,7.6,12.5,92
0.061,0.0,0.299,9.9,8.3,7.6,12.5,92
0.0,0.0,0.249,11.0,9.4,7.6,12.5,88
0.0,0.0,0.241,12.3,10.6,7.6,12.5,79
0.012,0.0,0.235,13.3,11.3,7.6,12.5,72
0.0,0.0,0.251,13.5,11.4,7.6,12.5,71
0.0,0.0,0.253,14.5,12.1,7.6,12.5,66
0.0,0.0,0.266,14.8,12.3,7.6,12.5,64
0.0,0.0,0.262,14.9,12.5,7.6,12.5,64
0.062,0.0,0.241,14.8,12.2,7.6,12.5,64
0.179,0.0,0.136,14.1,11.5,7.6,12.5,66
0.802,0.0,0.017,13.4,11.6,7.6,12.5,73
0.727,0.0,0.0,12.5,11.1,7.6,12.5,79
0.445,0.0,0.0,12.1,10.7,7.6,12.5,84
0.565,0.0,0.0,11.7,10.4,7.6,12.5,86
0.0,1.37,0.0,11.8,10.4,7.6,12.5,86
0.0,0.315,0.0,11.8,10.1,7.6,12.5,85
0.0,0.305,0.0,12.0,10.3,9.8,11.3,82
0.0,0.355,0.0,12.0,10.2,9.8,11.3,82
0.0,0.398,0.0,11.8,10.3,9.8,11.3,83
0.0,0.266,0.0,12.0,10.3,9.8,11.3,82
0.0,0.244,0.0,12.1,10.3,9.8,11.3,80
0.0,0.238,0.0,12.0,10.1,9.8,11.3,80
0.0,0.235,0.0,11.9,9.8,9.8,11.3,81
0.0,1.287,0.105,12.0,9.8,9.8,11.3,81
1.04,0.0,0.107,12.1,9.9,9.8,11.3,81
0.059,0.0,0.179,12.8,10.9,9.8,11.3,83
0.054,0.0,0.186,12.7,11.0,9.8,11.3,89
0.054,0.0,0.185,13.1,11.0,9.8,11.3,89
0.054,0.0,0.184,13.2,10.7,9.8,11.3,88
0.027,0.0,0.213,13.2,11.0,9.8,11.3,91
0.064,0.0,0.173,13.5,10.8,9.8,11.3,91
0.136,0.0,0.095,13.9,11.2,9.8,11.3,90
0.169,0.0,0.065,13.4,11.0,9.8,11.3,91
0.208,0.0,0.022,13.4,11.3,9.8,11.3,92
0.563,0.0,0.003,13.2,11.0,9.8,11.3,93
1.432,0.0,0.0,13.0,10.7,9.8,11.3,93
0.337,0.0,0.0,13.0,10.9,9.8,11.3,93
0.472,0.0,0.0,12.9,10.8,9.8,11.3,94
0.0,0.532,0.0,12.4,10.6,9.8,11.3,97
0.0,0.618,0.0,12.5,10.8,9.8,11.3,97
0.0,0.604,0.0,13.0,11.0,7.5,14.4,93
0.0,0.534,0.0,13.1,11.4,7.5,14.4,96
0.0,0.462,0.0,13.3,11.6,7.5,14.4,98
0.0,0.331,0.0,13.0,12.1,7.5,14.4,98
0.0,0.248,0.0,12.4,11.5,7.5,14.4,94
0.0,0.245,0.0,12.2,11.7,7.5,14.4,93
0.0,0.243,0.0,11.7,11.3,7.5,14.4,96
0.0,1.643,0.177,11.4,10.8,7.5,14.4,96
0.031,0.0,0.314,12.0,11.0,7.5,14.4,91
0.0,0.0,0.257,13.1,12.1,7.5,14.4,84
0.0,0.0,0.257,14.1,12.4,7.5,14.4,74
0.0,0.0,0.263,14.9,12.7,7.5,14.4,67
0.0,0.0,0.268,15.5,13.8,7.5,14.4,63
0.0,0.0,0.258,15.9,14.4,7.5,14.4,60
0.514,0.0,0.428,15.8,13.9,7.5,14.4,58
0.018,0.0,0.316,15.5,13.2,7.5,14.4,54
0.009,0.0,0.316,15.0,12.4,7.5,14.4,57
0.211,0.0,0.115,14.2,11.6,7.5,14.4,60
0.309,0.0,0.008,13.1,11.2,7.5,14.4,70
0.37,0.0,0.0,10.7,9.4,7.5,14.4,85
0.471,0.0,0.0,9.1,7.5,7.5,14.4,92
0.535,0.0,0.0,10.6,9.5,7.5,14.4,87
0.0,0.531,0.0,9.4,8.4,7.5,14.4,91
0.0,0.54,0.0,8.7,7.6,7.5,14.4,93
0.0,0.532,0.0,6.7,4.9,2.9,12.7,95
0.0,0.534,0.0,6.9,4.9,2.9,12.7,92
0.0,0.505,0.0,6.0,3.7,2.9,12.7,93
0.0,0.377,0.0,5.3,2.9,2.9,12.7,93
0.0,0.266,0.0,6.1,4.0,2.9,12.7,91
0.0,0.242,0.0,6.8,4.7,2.9,12.7,91
0.0,0.279,0.004,7.2,5.2,2.9,12.7,92
0.0,0.053,0.187,7.2,5.0,2.9,12.7,92
0.0,0.0,0.244,8.6,6.4,2.9,12.7,89
0.0,0.0,0.426,10.6,8.7,2.9,12.7,84
0.507,0.0,0.662,13.0,10.8,2.9,12.7,71
0.326,0.0,0.632,14.9,12.3,2.9,12.7,62
0.541,0.0,0.454,15.4,12.7,2.9,12.7,62
0.267,0.0,0.258,15.5,12.7,2.9,12.7,62
0.59,0.0,0.232,14.8,11.6,2.9,12.7,63
0.162,0.0,0.175,14.5,11.6,2.9,12.7,66
0.854,0.0,0.074,14.0,11.1,2.9,12.7,72
0.978,0.0,0.053,13.6,10.9,2.9,12.7,79
0.565,0.0,0.001,13.6,11.2,2.9,12.7,87
0.722,0.0,0.0,13.1,11.0,2.9,12.7,92
1.995,0.0,0.0,13.3,11.2,2.9,12.7,95
0.486,0.0,0.0,13.4,11.7,2.9,12.7,96
0.0,0.397,0.0,13.2,11.7,2.9,12.7,97
0.0,0.384,0.0,13.0,12.1,2.9,12.7,96
0.0,0.384,0.0,11.7,11.3,3.9,13.4,96
0.0,0.0,0.0,10.0,9.0,3.9,13.4,98
0.0,0.419,0.0,9.2,8.0,3.9,13.4,98
0.0,0.306,0.0,9.4,8.3,3.9,13.4,97
0.0,0.254,0.0,9.8,9.0,3.9,13.4,97
0.0,0.323,0.0,9.7,8.8,3.9,13.4,97
0.0,0.247,0.0,9.6,8.7,3.9,13.4,96
0.0,0.238,0.003,9.4,8.4,3.9,13.4,95
0.152,0.0,0.096,10.8,9.8,3.9,13.4,90
0.0,0.0,0.302,12.1,10.0,3.9,13.4,72
0.0,0.0,0.403,13.1,10.4,3.9,13.4,67
0.0,0.0,0.353,14.3,11.4,3.9,13.4,58
0.067,0.0,0.807,15.0,12.4,3.9,13.4,55
0.09,0.0,0.726,15.4,12.7,3.9,13.4,54
0.0,0.0,0.319,15.8,13.4,3.9,13.4,52
0.018,0.0,0.608,15.5,13.1,3.9,13.4,54
0.0,0.0,0.281,15.0,12.3,3.9,13.4,56
0.116,0.0,0.356,14.5,11.7,3.9,13.4,58
0.338,0.0,0.121,13.3,11.0,3.9,13.4,65
0.647,0.0,0.008,10.4,8.4,3.9,13.4,74
0.94,0.0,0.0,9.2,7.0,3.9,13.4,78
0.6,0.0,0.0,8.3,6.1,3.9,13.4,80
0.0,0.48,0.0,7.1,4.7,3.9,13.4,85
0.0,0.532,0.0,6.3,3.9,3.9,13.4,87
0.0,0.526,0.0,6.3,4.0,0.4,19.6,87
0.0,0.527,0.0,5.3,3.3,0.4,19.6,91
0.0,0.561,0.0,4.7,2.5,0.4,19.6,93
0.0,0.313,0.0,4.3,2.0,0.4,19.6,93
0.0,0.256,0.0,3.5,1.1,0.4,19.6,95
0.0,0.246,0.0,3.1,0.8,0.4,19.6,95
0.0,0.238,0.0,2.8,0.4,0.4,19.6,94
0.0,1.572,0.004,3.7,1.1,0.4,19.6,91
0.168,0.0,0.205,7.9,5.4,0.4,19.6,79
0.0,0.0,0.248,12.2,10.3,0.4,19.6,68
0.0,0.0,0.251,14.8,12.3,0.4,19.6,57
0.0,0.0,0.383,16.5,14.6,0.4,19.6,53
0.479,0.0,0.719,18.3,17.0,0.4,19.6,45
0.0,0.0,0.255,19.3,18.7,0.4,19.6,43
0.0,0.0,0.242,19.9,19.6,0.4,19.6,43
0.0,0.0,0.24,20.4,19.6,0.4,19.6,42
0.0,0.0,0.241,20.3,18.8,0.4,19.6,41
0.0,0.0,0.252,18.5,17.0,0.4,19.6,56
0.206,0.0,0.1,15.9,15.8,0.4,19.6,76
0.551,0.0,0.014,12.4,11.4,0.4,19.6,82
1.063,0.0,0.0,13.6,13.0,0.4,19.6,76
0.941,0.0,0.0,13.2,12.8,0.4,19.6,77
0.0,0.651,0.0,13.0,12.6,0.4,19.6,78
0.0,0.517,0.0,10.1,8.6,0.4,19.6,86
0.0,0.486,0.0,9.8,8.2,5.9,20.8,85
0.0,0.496,0.0,8.7,6.9,5.9,20.8,86
0.0,0.506,0.0,8.1,6.3,5.9,20.8,86
0.0,0.331,0.0,7.8,6.0,5.9,20.8,86
0.0,0.244,0.0,7.8,5.9,5.9,20.8,85
0.0,0.229,0.0,8.4,6.3,5.9,20.8,81
0.0,0.224,0.0,8.3,6.1,5.9,20.8,80
0.0,1.705,0.004,8.9,6.8,5.9,20.8,78
0.117,0.0,0.207,12.2,10.5,5.9,20.8,73
0.31,0.0,0.394,15.8,15.2,5.9,20.8,72
0.0,0.0,0.369,19.0,18.4,5.9,20.8,61
0.0,0.0,0.397,21.1,20.5,5.9,20.8,49
0.0,0.0,0.682,21.8,20.5,5.9,20.8,38
0.0,0.0,0.366,21.9,20.5,5.9,20.8,39
0.0,0.0,0.315,22.1,20.8,5.9,20.8,40
0.0,0.0,0.323,21.9,20.4,5.9,20.8,41
0.0,0.0,0.322,21.1,19.5,5.9,20.8,47
0.005,0.0,0.313,20.1,19.2,5.9,20.8,53
0.416,0.0,0.134,18.2,18.8,5.9,20.8,74
0.864,0.0,0.023,18.2,17.6,5.9,20.8,57
1.004,0.0,0.0,15.8,15.3,5.9,20.8,68
0.678,0.0,0.0,13.1,12.3,5.9,20.8,81
0.0,0.692,0.0,14.8,14.5,5.9,20.8,74
0.0,0.579,0.0,14.1,13.6,5.9,20.8,77
0.0,0.531,0.0,11.9,11.5,10.1,18.1,87
0.0,0.256,0.0,12.3,11.2,10.1,18.1,82
0.0,0.256,0.0,11.9,10.7,10.1,18.1,82
0.0,0.25,0.0,11.5,10.1,10.1,18.1,82
0.0,0.246,0.0,11.8,10.3,10.1,18.1,78
0.0,0.244,0.0,12.5,10.4,10.1,18.1,72
0.0,0.233,0.0,13.5,11.8,10.1,18.1,67
0.0,1.371,0.007,13.0,11.5,10.1,18.1,72
0.334,0.0,0.12,15.5,13.7,10.1,18.1,61
0.111,0.0,0.203,17.8,15.8,10.1,18.1,55
1.425,0.0,0.554,19.4,17.2,10.1,18.1,51
0.246,0.0,0.469,19.8,16.2,10.1,18.1,47
0.0,0.0,0.458,20.7,16.9,10.1,18.1,41
0.0,0.0,0.336,20.8,18.1,10.1,18.1,44
0.0,0.0,0.326,20.4,17.2,10.1,18.1,48
0.0,0.0,0.323,19.0,16.2,10.1,18.1,57
0.309,0.0,0.422,17.8,15.4,10.1,18.1,67
0.103,0.0,0.218,17.0,14.3,10.1,18.1,72
0.22,0.0,0.054,15.8,14.1,10.1,18.1,80
0.314,0.0,0.0,15.2,13.8,10.1,18.1,85
0.424,0.0,0.0,14.8,13.7,10.1,18.1,89
0.454,0.0,0.0,14.5,13.3,10.1,18.1,91
0.0,0.553,0.0,14.5,13.3,10.1,18.1,92
0.0,0.544,0.0,14.0,13.0,10.1,18.1,95
0.0,0.433,0.0,13.7,12.4,11.9,13.6,93
0.0,0.275,0.0,13.4,12.0,11.9,13.6,96
0.0,0.254,0.0,13.5,12.5,11.9,13.6,96
0.0,0.246,0.0,13.0,12.5,11.9,13.6,98
0.0,0.234,0.0,13.1,12.6,11.9,13.6,99
0.0,0.291,0.0,12.6,12.2,11.9,13.6,99
0.0,0.239,0.0,12.8,12.2,11.9,13.6,99
0.0,1.197,0.003,13.0,12.1,11.9,13.6,97
1.026,0.0,0.105,13.5,12.3,11.9,13.6,94
0.047,0.0,0.239,15.0,13.0,11.9,13.6,84
0.0,0.0,0.186,16.0,13.3,11.9,13.6,73
0.0,0.0,0.253,16.8,13.6,11.9,13.6,66
0.0,0.0,0.242,16.7,13.4,11.9,13.6,66
0.0,0.0,0.244,17.0,13.3,11.9,13.6,65
0.0,0.0,0.241,16.9,13.2,11.9,13.6,66
0.0,0.0,0.239,16.4,12.8,11.9,13.6,67
0.0,0.0,0.23,16.6,12.7,11.9,13.6,64
0.053,0.0,0.197,15.7,12.4,11.9,13.6,72
0.656,0.0,0.09,14.8,12.3,11.9,13.6,82
1.304,0.0,0.001,14.0,11.9,11.9,13.6,90
0.997,0.0,0.0,13.9,12.2,11.9,13.6,94
0.637,0.0,0.0,14.0,12.3,11.9,13.6,94
0.0,0.605,0.0,14.0,12.2,11.9,13.6,95
0.0,0.49,0.0,14.0,12.4,11.9,13.6,95
0.0,0.835,0.0,14.0,12.0,9.2,13.6,96
0.0,0.485,0.0,14.1,12.0,9.2,13.6,96
0.0,0.474,0.0,14.1,12.1,9.2,13.6,97
0.0,0.455,0.0,13.8,12.5,9.2,13.6,95
0.0,0.278,0.0,13.6,12.9,9.2,13.6,96
0.0,0.248,0.0,13.4,12.9,9.2,13.6,95
0.0,0.244,0.0,13.1,12.7,9.2,13.6,95
0.0,0.508,0.001,13.0,12.7,9.2,13.6,95
0.57,0.0,0.055,13.4,12.7,9.2,13.6,91
0.168,0.0,0.236,13.8,12.6,9.2,13.6,86
0.659,0.0,0.376,14.4,12.5,9.2,13.6,80
0.0,0.0,0.445,15.7,13.5,9.2,13.6,70
0.022,0.0,0.414,16.0,13.6,9.2,13.6,65
0.172,0.0,0.341,15.6,13.0,9.2,13.6,66
0.027,0.0,0.392,15.1,12.4,9.2,13.6,70
0.013,0.0,0.674,14.8,12.1,9.2,13.6,72
0.074,0.0,0.615,14.8,12.2,9.2,13.6,73
0.857,0.0,0.354,14.1,11.7,9.2,13.6,74
1.431,0.0,0.141,13.4,11.3,9.2,13.6,78
0.949,0.0,0.028,12.4,11.0,9.2,13.6,85
0.557,0.0,0.0,10.9,10.2,9.2,13.6,94
1.21,0.0,0.0,10.1,9.2,9.2,13.6,95
0.0,0.392,0.0,10.1,9.2,9.2,13.6,96
0.0,0.245,0.0,10.7,10.2,9.2,13.6,95
0.0,0.244,0.0,11.9,11.5,6.6,14.8,94
0.0,0.251,0.0,12.0,11.6,6.6,14.8,93
0.0,0.294,0.0,11.9,11.4,6.6,14.8,94
0.0,0.306,0.0,11.7,11.4,6.6,14.8,94
0.0,0.249,0.0,11.5,11.4,6.6,14.8,96
0.0,0.27,0.0,11.3,11.1,6.6,14.8,97
0.0,0.356,0.0,11.6,11.8,6.6,14.8,96
0.0,0.236,0.001,11.9,12.0,6.6,14.8,94
0.22,0.0,0.026,12.1,11.9,6.6,14.8,91
0.136,0.0,0.124,12.3,12.2,6.6,14.8,88
1.2,0.0,0.246,12.4,12.2,6.6,14.8,87
1.029,0.0,0.328,12.9,12.4,6.6,14.8,86
0.037,0.0,0.316,13.9,13.2,6.6,14.8,82
0.335,0.0,0.23,14.5,13.6,6.6,14.8,77
0.382,0.0,0.369,15.5,14.8,6.6,14.8,73
0.121,0.0,0.446,15.5,14.7,6.6,14.8,71
0.257,0.0,0.267,16.3,14.8,6.6,14.8,67
0.115,0.0,0.364,16.1,14.3,6.6,14.8,69
0.378,0.0,0.154,15.2,13.5,6.6,14.8,71
0.537,0.0,0.011,12.7,10.8,6.6,14.8,76
0.433,0.0,0.0,11.1,9.3,6.6,14.8,83
0.477,0.0,0.0,10.1,8.3,6.6,14.8,87
0.0,0.514,0.0,9.6,7.5,6.6,14.8,82
0.0,0.492,0.0,9.1,6.6,6.6,14.8,78
0.0,0.516,0.0,8.4,5.9,0.0,19.1,78
0.0,0.248,0.0,7.0,4.6,0.0,19.1,82
0.0,0.239,0.0,5.9,3.5,0.0,19.1,85
0.0,0.244,0.0,5.2,2.6,0.0,19.1,87
0.0,0.241,0.0,4.2,1.5,0.0,19.1,90
0.0,0.239,0.0,3.0,0.0,0.0,19.1,91
0.0,0.234,0.0,3.1,0.3,0.0,19.1,89
0.0,0.209,0.022,4.5,1.8,0.0,19.1,84
0.018,0.0,0.211,7.6,5.3,0.0,19.1,78
0.055,0.0,0.593,10.5,8.4,0.0,19.1,63
0.161,0.0,0.843,12.8,10.8,0.0,19.1,58
0.222,0.0,1.06,14.5,13.5,0.0,19.1,54
0.619,0.0,1.161,16.7,16.5,0.0,19.1,46
0.236,0.0,0.79,17.7,18.2,0.0,19.1,45
0.11,0.0,0.652,18.3,19.1,0.0,19.1,45
0.0,0.0,0.293,18.6,18.3,0.0,19.1,45
0.015,0.0,0.465,18.5,16.8,0.0,19.1,46
0.034,0.0,0.429,18.1,16.3,0.0,19.1,48
0.909,0.0,0.149,16.7,16.0,0.0,19.1,65
1.95,0.0,0.026,12.9,11.6,0.0,19.1,79
0.812,0.0,0.0,11.0,9.5,0.0,19.1,86
0.703,0.0,0.0,12.9,11.8,0.0,19.1,77
0.0,1.031,0.0,12.3,11.1,0.0,19.1,78
0.0,1.275,0.0,7.9,6.0,0.0,19.1,90
0.0,0.566,0.0,8.0,6.1,2.3,16.4,86
0.0,0.355,0.0,6.4,4.6,2.3,16.4,89
0.0,0.265,0.0,6.2,4.3,2.3,16.4,87
0.0,0.233,0.0,5.9,3.8,2.3,16.4,86
0.0,0.235,0.0,5.3,3.2,2.3,16.4,87
0.0,0.234,0.0,4.6,2.4,2.3,16.4,88
0.0,0.239,0.0,4.7,2.3,2.3,16.4,86
0.0,1.632,0.039,6.3,3.8,2.3,16.4,79
0.188,0.0,0.165,10.1,7.5,2.3,16.4,68
0.0,0.0,0.228,13.5,11.9,2.3,16.4,64
0.0,0.0,0.233,15.6,13.6,2.3,16.4,56
0.0,0.0,0.23,17.2,15.3,2.3,16.4,51
0.0,0.0,0.234,18.0,16.4,2.3,16.4,50
0.0,0.0,0.238,17.5,16.2,2.3,16.4,58
0.0,0.0,0.334,16.9,16.4,2.3,16.4,65
0.0,0.0,0.246,16.8,16.4,2.3,16.4,66
0.007,0.0,0.225,16.8,16.1,2.3,16.4,64
0.102,0.0,0.132,16.9,16.1,2.3,16.4,61
0.96,0.0,0.039,15.7,16.0,2.3,16.4,79
2.651,0.0,0.003,14.8,13.9,2.3,16.4,68
0.571,0.0,0.0,12.1,11.1,2.3,16.4,83
0.607,0.0,0.0,10.6,9.4,2.3,16.4,90
0.0,0.56,0.0,9.7,8.1,2.3,16.4,90
0.0,0.512,0.0,10.6,9.4,2.3,16.4,83
0.0,0.498,0.0,11.1,10.7,3.6,20.4,87
0.0,0.499,0.0,9.2,7.9,3.6,20.4,94
0.0,0.448,0.0,8.9,7.4,3.6,20.4,93
0.0,0.26,0.0,8.4,6.8,3.6,20.4,92
0.0,0.248,0.0,7.1,5.0,3.6,20.4,91
0.0,0.25,0.0,6.1,4.2,3.6,20.4,93
0.0,0.254,0.0,5.7,3.6,3.6,20.4,93
0.0,0.598,0.027,8.1,5.9,3.6,20.4,81
0.438,0.0,0.232,12.0,9.9,3.6,20.4,69
0.0,0.0,0.284,14.8,13.0,3.6,20.4,61
0.0,0.0,0.337,16.7,13.9,3.6,20.4,48
0.0,0.0,0.251,18.1,15.7,3.6,20.4,42
0.524,0.0,0.337,20.1,18.1,3.6,20.4,33
0.0,0.0,0.309,21.0,19.5,3.6,20.4,28
0.0,0.0,0.321,21.5,20.4,3.6,20.4,29
0.0,0.0,0.319,21.9,20.3,3.6,20.4,29
0.0,0.0,0.307,22.0,19.7,3.6,20.4,29
0.0,0.0,0.33,21.6,20.3,3.6,20.4,40
0.207,0.0,0.137,21.6,19.8,3.6,20.4,31
0.953,0.0,0.012,20.1,18.1,3.6,20.4,35
0.915,0.0,0.0,13.6,11.5,3.6,20.4,63
0.479,0.0,0.0,12.6,10.6,3.6,20.4,67
0.0,0.497,0.0,11.7,9.5,3.6,20.4,68
0.0,0.487,0.0,9.7,7.5,3.6,20.4,77
